time,open,high,low,close,tick_volume,spread,real_volume
2025-04-01 00:00:00,1822.12,1842.73,1817.43,1831.9,5765,180,0
2025-04-01 01:00:00,1831.9,1833.4,1820.58,1826.33,5013,180,0
2025-04-01 02:00:00,1826.33,1839.36,1824.11,1839.15,3673,180,0
2025-04-01 03:00:00,1839.15,1840.88,1832.53,1834.88,3261,180,0
2025-04-01 04:00:00,1834.94,1840.37,1831.59,1837.54,2668,180,0
2025-04-01 05:00:00,1837.54,1849.93,1836.3,1840.99,3476,180,0
2025-04-01 06:00:00,1840.99,1866.6,1838.71,1857.39,5162,180,0
2025-04-01 07:00:00,1857.39,1862.64,1851.77,1854.23,4813,180,0
2025-04-01 08:00:00,1854.23,1891.77,1853.97,1884.2,8853,180,0
2025-04-01 09:00:00,1884.2,1890.04,1878.11,1885.07,5359,180,0
2025-04-01 10:00:00,1885.07,1885.74,1871.8,1872.69,5527,180,0
2025-04-01 11:00:00,1872.69,1873.62,1855.87,1861.99,5550,180,0
2025-04-01 12:00:00,1861.99,1870.31,1858.76,1864.89,4167,180,0
2025-04-01 13:00:00,1864.89,1881.52,1862.96,1873.9,9641,180,0
2025-04-01 14:00:00,1873.75,1888.36,1841.59,1882.22,14999,180,0
2025-04-01 15:00:00,1882.31,1928.07,1882.31,1918.36,15905,180,0
2025-04-01 16:00:00,1918.36,1924.37,1907.85,1916.25,7150,180,0
2025-04-01 17:00:00,1916.25,1923.33,1913.72,1915.38,4990,180,0
2025-04-01 18:00:00,1915.38,1915.78,1901.58,1908.78,5545,180,0
2025-04-01 19:00:00,1908.78,1911.94,1903.26,1910.26,4060,180,0
2025-04-01 20:00:00,1910.16,1916.6,1897.31,1913.03,3795,180,0
2025-04-01 21:00:00,1913.03,1923.7,1908.86,1915.8,2908,180,0
2025-04-01 22:00:00,1915.8,1920.96,1911.2,1912.09,3244,180,0
2025-04-01 23:00:00,1912.09,1916.05,1905.15,1905.78,2467,180,0
2025-04-02 00:00:00,1905.78,1909.72,1887.51,1890.46,4660,180,0
2025-04-02 01:00:00,1890.6,1896.92,1883.16,1893.03,5092,180,0
2025-04-02 02:00:00,1893.03,1893.72,1872.07,1878.01,5270,180,0
2025-04-02 03:00:00,1878.01,1887.45,1874.75,1875.97,3189,180,0
2025-04-02 04:00:00,1875.97,1883.18,1874.93,1878.85,3001,180,0
2025-04-02 05:00:00,1878.85,1879.09,1853.81,1855.98,6359,180,0
2025-04-02 06:00:00,1855.98,1862.52,1851.0,1853.6,4635,180,0
2025-04-02 07:00:00,1853.6,1866.56,1851.61,1864.54,4782,180,0
2025-04-02 08:00:00,1864.54,1875.5,1861.83,1867.37,4093,180,0
2025-04-02 09:00:00,1867.37,1887.77,1865.86,1879.1,5879,180,0
2025-04-02 10:00:00,1879.1,1887.53,1870.12,1872.09,4688,180,0
2025-04-02 11:00:00,1872.09,1878.28,1867.43,1868.03,3853,180,0
2025-04-02 12:00:00,1868.03,1872.93,1857.29,1871.66,5742,180,0
2025-04-02 13:00:00,1871.66,1893.17,1853.1,1871.29,12116,180,0
2025-04-02 14:00:00,1871.13,1881.41,1856.67,1875.1,11384,180,0
2025-04-02 15:00:00,1875.1,1918.62,1873.64,1900.99,22312,180,0
2025-04-02 16:00:00,1900.99,1910.53,1894.93,1903.22,7996,180,0
2025-04-02 17:00:00,1903.22,1914.62,1882.02,1892.67,9416,180,0
2025-04-02 18:00:00,1892.67,1904.79,1887.92,1897.83,5086,180,0
2025-04-02 19:00:00,1897.83,1916.51,1892.8,1911.84,5636,180,0
2025-04-02 20:00:00,1911.71,1956.86,1865.54,1880.44,26991,180,0
2025-04-02 21:00:00,1880.35,1884.5,1853.9,1866.67,9507,180,0
2025-04-02 22:00:00,1866.67,1866.67,1787.61,1796.82,20110,180,0
2025-04-02 23:00:00,1796.82,1801.15,1779.7,1793.41,11562,180,0
2025-04-03 00:00:00,1793.37,1826.95,1786.84,1819.57,11080,180,0
2025-04-03 01:00:00,1819.57,1833.9,1813.0,1824.71,7495,180,0
2025-04-03 02:00:00,1824.71,1831.74,1816.5,1829.1,6023,180,0
2025-04-03 03:00:00,1829.1,1829.51,1818.12,1822.98,4698,180,0
2025-04-03 04:00:00,1822.98,1844.31,1821.03,1834.47,4731,180,0
2025-04-03 05:00:00,1834.47,1839.65,1819.45,1820.12,3911,180,0
2025-04-03 06:00:00,1820.12,1826.69,1812.3,1816.42,4641,180,0
2025-04-03 07:00:00,1816.42,1821.21,1805.71,1814.27,5983,180,0
2025-04-03 08:00:00,1814.27,1823.3,1813.59,1820.06,5157,180,0
2025-04-03 09:00:00,1820.08,1822.32,1808.14,1810.35,5142,180,0
2025-04-03 10:00:00,1810.35,1816.36,1788.41,1791.96,9184,180,0
2025-04-03 11:00:00,1791.96,1801.23,1785.26,1793.23,7551,180,0
2025-04-03 12:00:00,1793.23,1799.0,1746.33,1757.75,14581,180,0
2025-04-03 13:00:00,1757.75,1790.01,1754.35,1782.32,17314,180,0
2025-04-03 14:00:00,1782.32,1782.79,1749.04,1756.31,15944,180,0
2025-04-03 15:00:00,1756.31,1781.07,1752.72,1780.88,10874,180,0
2025-04-03 16:00:00,1780.66,1789.22,1768.94,1771.81,9464,180,0
2025-04-03 17:00:00,1771.81,1780.95,1765.07,1774.17,6715,180,0
2025-04-03 18:00:00,1774.21,1797.61,1768.01,1786.57,7046,180,0
2025-04-03 19:00:00,1786.61,1793.26,1780.59,1785.31,7514,180,0
2025-04-03 20:00:00,1785.32,1801.79,1777.4,1796.94,3940,180,0
2025-04-03 21:00:00,1796.94,1817.38,1794.04,1810.57,4205,180,0
2025-04-03 22:00:00,1810.57,1814.97,1804.17,1810.08,4716,180,0
2025-04-03 23:00:00,1810.08,1820.75,1801.7,1815.36,4558,180,0
2025-04-04 00:00:00,1815.47,1821.57,1806.95,1808.77,4970,180,0
2025-04-04 01:00:00,1808.77,1817.43,1769.69,1781.69,6937,180,0
2025-04-04 02:00:00,1781.69,1802.48,1781.69,1788.11,6214,180,0
2025-04-04 03:00:00,1788.11,1795.76,1781.03,1792.09,5172,180,0
2025-04-04 04:00:00,1792.09,1792.96,1782.54,1786.68,3558,180,0
2025-04-04 05:00:00,1786.68,1805.51,1783.18,1804.92,4070,180,0
2025-04-04 06:00:00,1804.92,1807.48,1797.58,1798.35,3514,180,0
2025-04-04 07:00:00,1798.35,1820.14,1798.13,1816.29,6947,180,0
2025-04-04 08:00:00,1816.29,1833.59,1812.64,1826.12,6169,180,0
2025-04-04 09:00:00,1826.12,1831.91,1820.83,1827.39,3529,180,0
2025-04-04 10:00:00,1827.39,1830.72,1779.27,1782.86,15146,180,0
2025-04-04 11:00:00,1782.91,1786.92,1757.02,1782.59,13380,180,0
2025-04-04 12:00:00,1782.59,1799.73,1767.67,1786.94,15233,180,0
2025-04-04 13:00:00,1786.94,1807.12,1770.08,1799.65,18172,180,0
2025-04-04 14:00:00,1799.65,1803.21,1773.17,1788.09,18271,180,0
2025-04-04 15:00:00,1788.09,1818.88,1785.1,1793.28,22848,180,0
2025-04-04 16:00:00,1793.28,1802.18,1780.71,1795.71,15645,180,0
2025-04-04 17:00:00,1795.71,1827.35,1785.89,1819.19,12871,180,0
2025-04-04 18:00:00,1819.19,1821.5,1803.0,1804.92,10478,180,0
2025-04-04 19:00:00,1804.92,1814.37,1800.13,1808.7,8736,180,0
2025-04-04 20:00:00,1808.54,1821.72,1805.73,1817.02,4395,180,0
2025-04-04 21:00:00,1817.02,1826.15,1811.19,1816.99,2858,180,0
2025-04-04 22:00:00,1816.99,1824.73,1814.6,1817.52,2401,180,0
2025-04-04 23:00:00,1817.52,1818.39,1808.29,1815.39,2502,180,0
2025-04-05 00:00:00,1815.39,1823.93,1810.81,1821.07,2778,180,0
2025-04-05 01:00:00,1821.07,1826.12,1817.23,1818.2,3314,180,0
2025-04-05 02:00:00,1818.2,1820.2,1811.44,1814.64,3077,180,0
2025-04-05 03:00:00,1814.64,1815.44,1807.8,1808.74,3219,180,0
2025-04-05 04:00:00,1808.74,1815.22,1806.48,1807.37,2737,180,0
2025-04-05 05:00:00,1807.37,1814.82,1805.94,1809.19,2662,180,0
2025-04-05 06:00:00,1809.19,1813.44,1802.9,1808.59,2364,180,0
2025-04-05 07:00:00,1808.59,1813.79,1805.71,1812.34,2236,180,0
2025-04-05 08:00:00,1812.34,1814.2,1808.54,1812.42,2045,180,0
2025-04-05 09:00:00,1812.42,1821.25,1812.42,1819.43,2872,180,0
2025-04-05 10:00:00,1819.43,1820.33,1814.98,1817.32,2276,180,0
2025-04-05 11:00:00,1817.32,1818.73,1805.41,1806.41,3042,180,0
2025-04-05 12:00:00,1806.41,1807.61,1791.13,1796.84,3885,180,0
2025-04-05 13:00:00,1796.89,1797.77,1781.41,1786.0,5206,180,0
2025-04-05 14:00:00,1785.94,1793.96,1784.77,1789.57,3739,180,0
2025-04-05 15:00:00,1789.57,1789.57,1776.14,1780.94,3756,180,0
2025-04-05 16:00:00,1780.94,1787.33,1778.63,1783.71,3319,180,0
2025-04-05 17:00:00,1783.71,1789.23,1780.95,1786.26,2401,180,0
2025-04-05 18:00:00,1786.26,1793.69,1785.77,1791.85,2847,180,0
2025-04-05 19:00:00,1791.85,1794.84,1778.28,1781.25,2396,180,0
2025-04-05 20:00:00,1781.25,1804.39,1762.83,1789.82,5679,180,0
2025-04-05 21:00:00,1789.82,1794.85,1783.8,1790.01,3130,180,0
2025-04-05 22:00:00,1790.01,1797.21,1789.59,1796.54,1997,180,0
2025-04-05 23:00:00,1796.54,1809.91,1795.86,1805.43,3146,180,0
2025-04-06 00:00:00,1805.57,1813.13,1802.08,1809.71,3236,180,0
2025-04-06 01:00:00,1809.71,1816.92,1806.37,1809.84,3219,180,0
2025-04-06 02:00:00,1809.84,1812.84,1803.68,1803.85,2154,180,0
2025-04-06 03:00:00,1803.85,1809.78,1801.3,1809.78,2646,180,0
2025-04-06 04:00:00,1809.78,1811.18,1805.23,1809.63,2220,180,0
2025-04-06 05:00:00,1809.63,1813.05,1806.48,1810.48,2405,180,0
2025-04-06 06:00:00,1810.48,1811.88,1797.45,1797.61,2696,180,0
2025-04-06 07:00:00,1797.61,1800.87,1790.05,1796.9,4009,180,0
2025-04-06 08:00:00,1796.9,1797.37,1781.61,1793.52,3590,180,0
2025-04-06 09:00:00,1793.53,1795.33,1787.54,1789.59,2340,180,0
2025-04-06 10:00:00,1789.59,1790.39,1783.3,1788.56,2772,180,0
2025-04-06 11:00:00,1788.56,1790.11,1781.8,1787.95,2968,180,0
2025-04-06 12:00:00,1787.95,1790.81,1775.48,1776.31,3946,180,0
2025-04-06 13:00:00,1776.31,1779.67,1738.03,1747.36,9636,180,0
2025-04-06 14:00:00,1747.31,1769.54,1742.97,1768.83,9330,180,0
2025-04-06 15:00:00,1768.83,1772.52,1756.85,1759.45,4855,180,0
2025-04-06 16:00:00,1759.45,1759.45,1715.13,1731.27,7549,180,0
2025-04-06 17:00:00,1731.27,1733.36,1666.93,1683.71,20350,180,0
2025-04-06 18:00:00,1683.71,1683.93,1600.99,1617.7,33779,180,0
2025-04-06 19:00:00,1617.72,1635.35,1607.29,1624.83,21492,180,0
2025-04-06 20:00:00,1624.83,1629.87,1552.17,1572.84,21366,180,0
2025-04-06 21:00:00,1572.9,1595.64,1568.89,1585.76,13280,180,0
2025-04-06 22:00:00,1585.76,1606.17,1561.28,1574.78,21917,180,0
2025-04-06 23:00:00,1574.82,1582.63,1534.33,1578.94,23667,180,0
2025-04-07 00:00:00,1578.94,1584.54,1551.04,1571.01,18398,180,0
2025-04-07 01:00:00,1571.08,1612.53,1569.05,1596.74,17977,180,0
2025-04-07 02:00:00,1596.74,1599.93,1570.85,1577.45,11449,180,0
2025-04-07 03:00:00,1577.45,1581.1,1518.59,1541.83,19691,180,0
2025-04-07 04:00:00,1541.88,1557.35,1531.48,1545.84,20828,180,0
2025-04-07 05:00:00,1545.84,1559.34,1534.11,1538.2,18774,180,0
2025-04-07 06:00:00,1538.2,1550.41,1408.94,1428.98,37288,180,0
2025-04-07 07:00:00,1429.02,1475.35,1429.02,1457.33,30387,180,0
2025-04-07 08:00:00,1457.2,1509.12,1452.53,1493.54,26532,180,0
2025-04-07 09:00:00,1493.54,1503.75,1474.32,1482.27,18223,180,0
2025-04-07 10:00:00,1482.38,1518.91,1479.31,1489.63,22321,180,0
2025-04-07 11:00:00,1489.63,1502.16,1472.13,1480.69,15622,180,0
2025-04-07 12:00:00,1480.69,1524.86,1475.85,1518.39,23587,180,0
2025-04-07 13:00:00,1518.37,1556.29,1484.98,1547.91,30869,180,0
2025-04-07 14:00:00,1548.04,1636.99,1536.86,1568.09,48682,180,0
2025-04-07 15:00:00,1567.72,1575.34,1531.62,1554.01,31139,180,0
2025-04-07 16:00:00,1554.01,1555.53,1523.81,1527.22,22618,180,0
2025-04-07 17:00:00,1527.22,1570.71,1527.08,1563.85,24527,180,0
2025-04-07 18:00:00,1563.85,1570.25,1544.55,1547.78,19034,180,0
2025-04-07 19:00:00,1547.78,1560.54,1539.6,1542.88,17242,180,0
2025-04-07 20:00:00,1542.95,1578.04,1542.78,1569.12,10027,180,0
2025-04-07 21:00:00,1569.12,1574.55,1553.2,1566.31,5259,180,0
2025-04-07 22:00:00,1566.39,1583.22,1563.06,1576.57,7236,180,0
2025-04-07 23:00:00,1576.57,1580.69,1549.33,1551.09,7797,180,0
2025-04-08 00:00:00,1551.09,1561.65,1542.03,1542.67,9035,180,0
2025-04-08 01:00:00,1542.67,1592.31,1538.96,1589.49,12070,180,0
2025-04-08 02:00:00,1589.49,1617.12,1585.16,1588.53,10384,180,0
2025-04-08 03:00:00,1588.53,1591.83,1577.57,1583.37,6372,180,0
2025-04-08 04:00:00,1583.37,1600.78,1581.93,1597.29,6589,180,0
2025-04-08 05:00:00,1597.29,1601.13,1580.32,1589.89,6595,180,0
2025-04-08 06:00:00,1589.85,1589.85,1572.28,1575.14,7788,180,0
2025-04-08 07:00:00,1575.14,1577.4,1559.92,1569.47,7629,180,0
2025-04-08 08:00:00,1569.48,1570.22,1552.78,1565.9,6843,180,0
2025-04-08 09:00:00,1565.9,1574.79,1562.9,1566.63,6993,180,0
2025-04-08 10:00:00,1566.63,1573.06,1563.26,1564.45,4999,180,0
2025-04-08 11:00:00,1564.45,1588.56,1563.23,1586.41,9968,180,0
2025-04-08 12:00:00,1586.41,1591.58,1565.56,1569.98,10943,180,0
2025-04-08 13:00:00,1569.98,1585.1,1548.73,1566.56,21461,180,0
2025-04-08 14:00:00,1566.56,1581.81,1529.17,1529.97,20717,180,0
2025-04-08 15:00:00,1529.97,1538.08,1516.74,1530.55,15664,180,0
2025-04-08 16:00:00,1530.5,1531.8,1480.76,1485.6,21421,180,0
2025-04-08 17:00:00,1485.61,1488.5,1452.99,1479.65,25927,180,0
2025-04-08 18:00:00,1479.72,1500.41,1470.09,1474.25,16980,180,0
2025-04-08 19:00:00,1474.25,1477.55,1453.21,1464.56,17192,180,0
2025-04-08 20:00:00,1464.48,1481.08,1458.07,1480.28,9341,180,0
2025-04-08 21:00:00,1480.3,1484.65,1462.16,1476.06,5094,180,0
2025-04-08 22:00:00,1476.06,1477.18,1442.86,1465.2,14550,180,0
2025-04-08 23:00:00,1465.18,1474.77,1460.6,1471.97,10306,180,0
2025-04-09 00:00:00,1471.97,1480.98,1461.63,1466.14,13075,180,0
2025-04-09 01:00:00,1466.14,1467.57,1382.87,1433.75,30847,180,0
2025-04-09 02:00:00,1433.75,1452.39,1413.21,1417.67,17101,180,0
2025-04-09 03:00:00,1417.71,1424.94,1405.54,1417.32,13484,180,0
2025-04-09 04:00:00,1417.25,1448.89,1412.69,1438.63,18980,180,0
2025-04-09 05:00:00,1438.63,1462.59,1437.62,1457.3,12153,180,0
2025-04-09 06:00:00,1457.3,1475.27,1456.14,1458.09,11079,180,0
2025-04-09 07:00:00,1458.09,1490.89,1456.67,1482.82,14763,180,0
2025-04-09 08:00:00,1482.82,1487.66,1469.72,1481.33,9991,180,0
2025-04-09 09:00:00,1481.33,1485.3,1469.78,1478.45,7355,180,0
2025-04-09 10:00:00,1478.45,1495.95,1472.1,1484.73,8741,180,0
2025-04-09 11:00:00,1485.32,1485.7,1442.76,1453.26,22989,180,0
2025-04-09 12:00:00,1453.28,1467.65,1437.64,1459.3,14822,180,0
2025-04-09 13:00:00,1459.3,1497.71,1453.09,1485.57,24565,180,0
2025-04-09 14:00:00,1485.59,1500.05,1467.49,1468.92,22994,180,0
2025-04-09 15:00:00,1468.92,1495.29,1467.65,1483.73,14942,180,0
2025-04-09 16:00:00,1483.73,1508.05,1480.31,1501.07,12739,180,0
2025-04-09 17:00:00,1501.07,1637.42,1483.97,1631.83,39646,180,0
2025-04-09 18:00:00,1631.73,1671.07,1610.64,1627.03,32384,180,0
2025-04-09 19:00:00,1627.03,1645.73,1621.74,1638.37,14743,180,0
2025-04-09 20:00:00,1638.5,1678.13,1638.5,1672.5,9393,180,0
2025-04-09 21:00:00,1672.46,1688.1,1660.1,1670.42,11513,180,0
2025-04-09 22:00:00,1670.42,1683.56,1664.74,1670.45,8783,180,0
2025-04-09 23:00:00,1670.45,1673.91,1654.74,1668.3,5649,180,0
2025-04-10 00:00:00,1668.27,1668.81,1632.69,1645.4,8966,180,0
2025-04-10 01:00:00,1645.4,1650.81,1627.06,1636.29,7563,180,0
2025-04-10 02:00:00,1636.29,1644.86,1628.2,1631.23,5393,180,0
2025-04-10 03:00:00,1631.23,1634.81,1599.77,1615.62,10079,180,0
2025-04-10 04:00:00,1615.62,1619.1,1603.66,1617.76,6053,180,0
2025-04-10 05:00:00,1617.75,1624.33,1612.01,1615.36,5512,180,0
2025-04-10 06:00:00,1615.36,1621.11,1604.04,1614.54,5987,180,0
2025-04-10 07:00:00,1614.54,1618.97,1581.32,1593.6,9559,180,0
2025-04-10 08:00:00,1593.6,1597.31,1581.1,1590.68,8034,180,0
2025-04-10 09:00:00,1590.68,1605.0,1584.1,1602.16,8179,180,0
2025-04-10 10:00:00,1602.16,1604.2,1585.39,1592.92,6066,180,0
2025-04-10 11:00:00,1592.92,1595.03,1578.89,1592.73,5790,180,0
2025-04-10 12:00:00,1592.73,1625.92,1579.66,1591.72,16431,180,0
2025-04-10 13:00:00,1591.72,1594.88,1557.03,1566.75,18850,180,0
2025-04-10 14:00:00,1566.75,1582.26,1554.07,1562.86,16102,180,0
2025-04-10 15:00:00,1562.86,1565.53,1481.3,1494.32,25180,180,0
2025-04-10 16:00:00,1494.32,1512.58,1470.87,1508.91,25508,180,0
2025-04-10 17:00:00,1508.91,1518.54,1485.37,1509.31,19379,180,0
2025-04-10 18:00:00,1509.31,1520.25,1504.65,1515.78,14739,180,0
2025-04-10 19:00:00,1515.77,1529.89,1507.84,1512.2,13178,180,0
2025-04-10 20:00:00,1512.25,1531.26,1511.71,1528.69,6693,180,0
2025-04-10 21:00:00,1528.69,1531.06,1516.49,1522.73,3866,180,0
2025-04-10 22:00:00,1522.73,1530.46,1518.13,1521.74,5169,180,0
2025-04-10 23:00:00,1521.74,1526.01,1511.48,1519.35,5817,180,0
2025-04-11 00:00:00,1519.35,1526.87,1501.93,1505.45,10195,180,0
2025-04-11 01:00:00,1505.45,1546.05,1504.24,1540.72,10176,180,0
2025-04-11 02:00:00,1540.72,1548.49,1530.89,1532.54,8036,180,0
2025-04-11 03:00:00,1532.43,1543.98,1532.36,1542.5,5915,180,0
2025-04-11 04:00:00,1542.5,1556.4,1540.07,1545.43,6028,180,0
2025-04-11 05:00:00,1545.43,1550.86,1538.28,1546.86,4780,180,0
2025-04-11 06:00:00,1546.86,1560.22,1546.86,1550.49,5879,180,0
2025-04-11 07:00:00,1550.57,1556.49,1544.19,1550.72,5378,180,0
2025-04-11 08:00:00,1550.72,1570.92,1535.32,1550.0,12566,180,0
2025-04-11 09:00:00,1550.0,1569.11,1542.28,1561.52,8352,180,0
2025-04-11 10:00:00,1561.52,1582.44,1551.92,1565.59,9309,180,0
2025-04-11 11:00:00,1565.59,1572.91,1552.78,1556.18,6526,180,0
2025-04-11 12:00:00,1556.18,1571.26,1550.94,1553.91,8226,180,0
2025-04-11 13:00:00,1554.1,1579.0,1547.13,1568.02,15891,180,0
2025-04-11 14:00:00,1568.02,1568.02,1538.42,1553.76,16076,180,0
2025-04-11 15:00:00,1553.76,1568.26,1550.88,1562.82,10896,180,0
2025-04-11 16:00:00,1562.82,1571.1,1552.89,1562.45,7784,180,0
2025-04-11 17:00:00,1562.45,1589.18,1560.2,1577.41,10167,180,0
2025-04-11 18:00:00,1577.38,1580.05,1558.28,1559.9,8521,180,0
2025-04-11 19:00:00,1559.9,1570.41,1559.24,1563.49,5707,180,0
2025-04-11 20:00:00,1563.49,1572.89,1560.58,1569.28,3616,180,0
2025-04-11 21:00:00,1569.28,1584.88,1562.86,1570.69,5648,180,0
2025-04-11 22:00:00,1570.69,1573.46,1562.89,1563.86,3731,180,0
2025-04-11 23:00:00,1563.86,1568.82,1554.87,1563.85,3620,180,0
2025-04-12 00:00:00,1563.85,1567.54,1557.91,1559.87,5260,180,0
2025-04-12 01:00:00,1559.87,1562.45,1549.52,1552.07,5194,180,0
2025-04-12 02:00:00,1552.04,1555.07,1543.37,1545.72,4906,180,0
2025-04-12 03:00:00,1545.72,1557.86,1544.35,1552.13,4244,180,0
2025-04-12 04:00:00,1552.13,1568.7,1548.33,1565.0,6650,180,0
2025-04-12 05:00:00,1565.0,1570.41,1561.89,1566.36,5163,180,0
2025-04-12 06:00:00,1566.35,1576.84,1566.35,1571.53,5140,180,0
2025-04-12 07:00:00,1571.53,1583.07,1568.61,1579.75,4721,180,0
2025-04-12 08:00:00,1579.75,1604.18,1578.09,1589.47,9186,180,0
2025-04-12 09:00:00,1589.47,1600.07,1586.16,1595.31,6036,180,0
2025-04-12 10:00:00,1595.31,1595.51,1585.23,1589.6,4233,180,0
2025-04-12 11:00:00,1589.6,1596.4,1589.6,1591.86,4064,180,0
2025-04-12 12:00:00,1591.86,1614.79,1588.43,1604.92,6835,180,0
2025-04-12 13:00:00,1604.96,1645.73,1603.58,1636.84,17198,180,0
2025-04-12 14:00:00,1636.84,1668.32,1633.86,1651.98,16179,180,0
2025-04-12 15:00:00,1651.99,1665.6,1645.9,1654.01,10651,180,0
2025-04-12 16:00:00,1654.01,1660.38,1634.76,1641.44,8707,180,0
2025-04-12 17:00:00,1641.44,1645.19,1625.78,1632.17,7254,180,0
2025-04-12 18:00:00,1632.17,1653.12,1631.34,1649.35,5824,180,0
2025-04-12 19:00:00,1649.35,1650.21,1632.88,1641.24,5238,180,0
2025-04-12 20:00:00,1641.24,1658.82,1639.53,1647.18,7169,180,0
2025-04-12 21:00:00,1647.18,1653.62,1643.37,1645.87,4016,180,0
2025-04-12 22:00:00,1645.87,1654.44,1645.39,1648.05,4457,180,0
2025-04-12 23:00:00,1648.05,1650.56,1640.85,1642.48,3729,180,0
2025-04-13 00:00:00,1642.48,1647.77,1632.74,1639.93,5182,180,0
2025-04-13 01:00:00,1639.93,1648.39,1607.7,1615.73,9195,180,0
2025-04-13 02:00:00,1615.73,1627.05,1604.58,1623.85,8116,180,0
2025-04-13 03:00:00,1623.85,1628.14,1619.65,1622.47,5086,180,0
2025-04-13 04:00:00,1622.47,1622.77,1600.86,1607.58,6524,180,0
2025-04-13 05:00:00,1607.58,1612.33,1595.15,1608.02,7153,180,0
2025-04-13 06:00:00,1608.02,1622.27,1605.98,1615.29,5360,180,0
2025-04-13 07:00:00,1615.29,1620.2,1609.06,1611.77,4193,180,0
2025-04-13 08:00:00,1611.77,1620.61,1606.78,1618.98,5447,180,0
2025-04-13 09:00:00,1618.98,1626.35,1615.11,1625.31,5553,180,0
2025-04-13 10:00:00,1625.32,1626.29,1610.34,1616.65,5494,180,0
2025-04-13 11:00:00,1616.65,1617.48,1590.44,1602.9,8288,180,0
2025-04-13 12:00:00,1602.9,1607.72,1597.48,1601.58,6935,180,0
2025-04-13 13:00:00,1601.58,1606.52,1563.87,1572.56,12215,180,0
2025-04-13 14:00:00,1572.56,1587.79,1566.14,1584.28,10007,180,0
2025-04-13 15:00:00,1584.28,1586.99,1577.63,1584.91,6379,180,0
2025-04-13 16:00:00,1584.91,1600.71,1584.61,1593.86,7244,180,0
2025-04-13 17:00:00,1593.86,1647.84,1592.18,1634.44,12677,180,0
2025-04-13 18:00:00,1634.37,1645.57,1623.66,1627.64,8827,180,0
2025-04-13 19:00:00,1627.64,1628.11,1559.56,1588.75,15362,180,0
2025-04-13 20:00:00,1588.75,1615.41,1581.81,1589.43,13495,180,0
2025-04-13 21:00:00,1589.43,1601.76,1570.7,1592.47,10801,180,0
2025-04-13 22:00:00,1592.47,1598.8,1581.96,1585.06,8748,180,0
2025-04-13 23:00:00,1585.06,1599.05,1579.85,1596.68,8221,180,0
2025-04-14 00:00:00,1596.68,1633.41,1594.59,1610.69,11899,180,0
2025-04-14 01:00:00,1610.69,1621.39,1607.53,1616.38,8282,180,0
2025-04-14 02:00:00,1616.38,1658.76,1613.23,1633.03,13711,180,0
2025-04-14 03:00:00,1633.03,1635.9,1623.69,1627.8,6867,180,0
2025-04-14 04:00:00,1627.8,1640.14,1625.23,1634.21,5952,180,0
2025-04-14 05:00:00,1634.21,1638.42,1618.55,1623.13,6229,180,0
2025-04-14 06:00:00,1623.13,1627.18,1612.7,1622.69,6121,180,0
2025-04-14 07:00:00,1622.69,1634.91,1610.97,1633.84,8350,180,0
2025-04-14 08:00:00,1633.84,1640.81,1627.49,1636.45,6715,180,0
2025-04-14 09:00:00,1636.45,1643.82,1629.11,1639.07,6039,180,0
2025-04-14 10:00:00,1639.07,1683.77,1637.01,1677.04,12500,180,0
2025-04-14 11:00:00,1677.24,1690.08,1669.45,1673.63,9907,180,0
2025-04-14 12:00:00,1673.63,1676.72,1663.83,1676.09,6843,180,0
2025-04-14 13:00:00,1676.15,1679.02,1645.79,1656.14,12441,180,0
2025-04-14 14:00:00,1656.13,1687.99,1652.53,1671.54,7091,180,0
2025-04-14 15:00:00,1671.54,1673.24,1617.28,1626.25,17845,180,0
2025-04-14 16:00:00,1626.25,1635.49,1612.62,1626.43,12497,180,0
2025-04-14 17:00:00,1626.43,1648.71,1625.08,1646.5,10419,180,0
2025-04-14 18:00:00,1646.5,1650.48,1633.62,1639.46,6867,180,0
2025-04-14 19:00:00,1639.46,1646.39,1629.85,1635.59,7496,180,0
2025-04-14 20:00:00,1635.69,1637.15,1625.4,1634.41,5208,180,0
2025-04-14 21:00:00,1634.41,1634.79,1605.04,1623.48,4143,180,0
2025-04-14 22:00:00,1623.48,1624.03,1612.76,1620.3,4933,180,0
2025-04-14 23:00:00,1620.3,1628.47,1616.57,1622.8,5045,180,0
2025-04-15 00:00:00,1622.8,1633.39,1613.12,1630.24,7504,180,0
2025-04-15 01:00:00,1630.24,1638.06,1614.06,1632.79,7663,180,0
2025-04-15 02:00:00,1632.81,1637.17,1615.94,1630.9,6046,180,0
2025-04-15 03:00:00,1630.92,1642.99,1626.1,1636.92,5863,180,0
2025-04-15 04:00:00,1636.92,1640.35,1630.71,1638.24,4027,180,0
2025-04-15 05:00:00,1638.24,1647.6,1637.4,1637.46,4685,180,0
2025-04-15 06:00:00,1637.46,1642.37,1632.42,1635.59,4087,180,0
2025-04-15 07:00:00,1635.58,1646.08,1635.19,1644.15,4294,180,0
2025-04-15 08:00:00,1644.15,1647.23,1637.68,1640.09,3862,180,0
2025-04-15 09:00:00,1640.09,1650.87,1633.71,1647.69,4434,180,0
2025-04-15 10:00:00,1647.69,1650.77,1624.94,1632.32,7024,180,0
2025-04-15 11:00:00,1632.33,1632.64,1620.84,1631.18,4829,180,0
2025-04-15 12:00:00,1631.18,1642.5,1627.77,1641.38,5782,180,0
2025-04-15 13:00:00,1641.38,1660.39,1620.1,1628.62,13828,180,0
2025-04-15 14:00:00,1628.62,1636.95,1600.43,1619.56,20095,180,0
2025-04-15 15:00:00,1619.56,1631.01,1611.35,1620.41,9660,180,0
2025-04-15 16:00:00,1620.41,1626.94,1617.79,1621.5,6485,180,0
2025-04-15 17:00:00,1621.5,1626.41,1611.64,1615.45,6631,180,0
2025-04-15 18:00:00,1615.45,1618.3,1603.35,1609.92,7206,180,0
2025-04-15 19:00:00,1609.92,1612.65,1594.71,1606.19,5677,180,0
2025-04-15 20:00:00,1606.19,1614.37,1585.83,1594.69,5269,180,0
2025-04-15 21:00:00,1594.7,1605.78,1588.94,1603.44,4325,180,0
2025-04-15 22:00:00,1603.44,1603.62,1582.19,1590.72,5906,180,0
2025-04-15 23:00:00,1590.72,1597.2,1584.63,1587.7,4953,180,0
2025-04-16 00:00:00,1587.7,1594.67,1575.27,1580.18,9084,180,0
2025-04-16 01:00:00,1580.18,1600.34,1577.91,1596.19,7068,180,0
2025-04-16 02:00:00,1596.19,1604.06,1592.37,1598.28,4604,180,0
2025-04-16 03:00:00,1598.28,1601.01,1588.29,1590.65,2941,180,0
2025-04-16 04:00:00,1590.65,1593.35,1576.17,1586.73,5558,180,0
2025-04-16 05:00:00,1586.73,1592.31,1549.89,1568.1,9263,180,0
2025-04-16 06:00:00,1568.1,1578.73,1564.94,1574.76,4708,180,0
2025-04-16 07:00:00,1574.76,1577.47,1561.01,1563.2,4384,180,0
2025-04-16 08:00:00,1563.19,1582.41,1555.04,1573.87,9365,180,0
2025-04-16 09:00:00,1573.87,1578.66,1565.69,1566.89,5293,180,0
2025-04-16 10:00:00,1566.89,1581.85,1566.17,1580.32,4208,180,0
2025-04-16 11:00:00,1580.32,1584.96,1574.81,1583.07,4507,180,0
2025-04-16 12:00:00,1583.07,1587.85,1573.87,1576.6,5131,180,0
2025-04-16 13:00:00,1576.6,1581.59,1564.87,1566.8,8574,180,0
2025-04-16 14:00:00,1566.8,1598.44,1566.23,1589.71,10708,180,0
2025-04-16 15:00:00,1589.71,1614.08,1583.53,1589.44,10795,180,0
2025-04-16 16:00:00,1589.44,1596.15,1574.54,1590.92,7463,180,0
2025-04-16 17:00:00,1590.92,1611.6,1537.34,1544.68,19487,180,0
2025-04-16 18:00:00,1544.68,1579.12,1542.4,1565.29,19301,180,0
2025-04-16 19:00:00,1565.29,1594.23,1550.69,1586.89,11480,180,0
2025-04-16 20:00:00,1586.89,1592.89,1568.4,1572.58,7592,180,0
2025-04-16 21:00:00,1572.58,1597.33,1569.94,1590.57,5908,180,0
2025-04-16 22:00:00,1590.58,1591.86,1581.82,1586.37,4273,180,0
2025-04-16 23:00:00,1586.37,1587.33,1571.22,1575.82,3285,180,0
2025-04-17 00:00:00,1575.82,1585.46,1572.72,1583.79,5438,180,0
2025-04-17 01:00:00,1583.79,1592.87,1580.64,1587.82,4099,180,0
2025-04-17 02:00:00,1587.82,1592.0,1579.77,1589.94,4028,180,0
2025-04-17 03:00:00,1589.94,1594.2,1575.48,1583.17,3988,180,0
2025-04-17 04:00:00,1583.17,1590.85,1578.8,1589.19,2730,180,0
2025-04-17 05:00:00,1589.19,1602.2,1587.67,1597.6,4567,180,0
2025-04-17 06:00:00,1597.6,1608.03,1595.33,1600.84,4491,180,0
2025-04-17 07:00:00,1600.84,1609.4,1598.03,1600.16,3793,180,0
2025-04-17 08:00:00,1600.16,1602.95,1592.47,1593.71,2718,180,0
2025-04-17 09:00:00,1593.71,1595.85,1589.5,1593.6,2822,180,0
2025-04-17 10:00:00,1593.6,1595.31,1586.23,1591.81,3294,180,0
2025-04-17 11:00:00,1591.81,1597.22,1586.6,1591.15,3169,180,0
2025-04-17 12:00:00,1591.15,1601.8,1591.01,1599.93,4821,180,0
2025-04-17 13:00:00,1599.93,1599.98,1587.29,1591.56,6872,180,0
2025-04-17 14:00:00,1591.56,1592.69,1560.64,1567.23,9676,180,0
2025-04-17 15:00:00,1567.23,1585.6,1567.23,1581.14,8459,180,0
2025-04-17 16:00:00,1581.14,1615.4,1575.18,1603.73,12298,180,0
2025-04-17 17:00:00,1603.73,1614.57,1598.37,1608.32,7346,180,0
2025-04-17 18:00:00,1608.32,1614.05,1598.48,1598.53,6327,180,0
2025-04-17 19:00:00,1598.53,1602.02,1574.55,1579.65,8351,180,0
2025-04-17 20:00:00,1579.76,1589.09,1577.97,1582.85,4947,180,0
2025-04-17 21:00:00,1582.85,1590.09,1580.48,1585.9,2848,180,0
2025-04-17 22:00:00,1585.9,1589.92,1576.41,1577.01,3674,180,0
2025-04-17 23:00:00,1577.01,1586.62,1577.01,1581.76,2550,180,0
2025-04-18 00:00:00,1581.76,1583.21,1574.96,1577.96,3780,180,0
2025-04-18 01:00:00,1577.96,1587.39,1576.08,1580.79,4188,180,0
2025-04-18 02:00:00,1580.79,1585.18,1576.19,1582.4,3308,180,0
2025-04-18 03:00:00,1582.4,1582.98,1576.7,1581.57,3034,180,0
2025-04-18 04:00:00,1581.57,1582.64,1576.18,1578.78,2740,180,0
2025-04-18 05:00:00,1578.78,1579.41,1571.35,1579.15,3861,180,0
2025-04-18 06:00:00,1579.15,1579.92,1573.05,1578.86,3133,180,0
2025-04-18 07:00:00,1578.86,1582.37,1574.18,1581.79,3696,180,0
2025-04-18 08:00:00,1581.79,1590.61,1580.64,1584.74,3811,180,0
2025-04-18 09:00:00,1584.74,1589.4,1581.37,1585.67,2974,180,0
2025-04-18 10:00:00,1585.67,1587.58,1580.17,1581.48,2827,180,0
2025-04-18 11:00:00,1581.48,1588.83,1579.07,1588.0,2956,180,0
2025-04-18 12:00:00,1588.03,1594.81,1584.36,1591.13,3716,180,0
2025-04-18 13:00:00,1591.13,1591.94,1585.11,1590.56,3324,180,0
2025-04-18 14:00:00,1590.56,1594.11,1583.72,1587.42,2977,180,0
2025-04-18 15:00:00,1587.42,1588.26,1576.51,1581.11,3785,180,0
2025-04-18 16:00:00,1581.11,1586.08,1579.58,1585.54,2530,180,0
2025-04-18 17:00:00,1585.54,1591.02,1583.09,1589.3,2521,180,0
2025-04-18 18:00:00,1589.3,1592.81,1587.29,1590.73,1916,180,0
2025-04-18 19:00:00,1590.73,1592.51,1587.79,1590.85,2054,180,0
2025-04-18 20:00:00,1590.85,1592.4,1587.87,1590.63,1750,180,0
2025-04-18 21:00:00,1590.63,1598.78,1590.1,1597.59,1894,180,0
2025-04-18 22:00:00,1597.63,1598.26,1589.63,1590.72,2061,180,0
2025-04-18 23:00:00,1590.72,1590.72,1585.35,1587.08,1770,180,0
2025-04-19 00:00:00,1587.08,1588.84,1583.11,1584.96,1829,180,0
2025-04-19 01:00:00,1584.96,1589.47,1584.37,1588.45,1458,180,0
2025-04-19 02:00:00,1588.45,1594.56,1586.07,1590.26,3026,180,0
2025-04-19 03:00:00,1590.26,1597.64,1590.09,1594.88,3194,180,0
2025-04-19 04:00:00,1594.88,1611.07,1594.1,1600.92,4457,180,0
2025-04-19 05:00:00,1600.93,1603.61,1598.78,1600.11,2249,180,0
2025-04-19 06:00:00,1600.11,1600.98,1592.55,1594.2,2088,180,0
2025-04-19 07:00:00,1594.2,1601.88,1594.04,1598.8,2580,180,0
2025-04-19 08:00:00,1598.8,1602.88,1595.7,1600.59,2300,180,0
2025-04-19 09:00:00,1600.59,1604.28,1594.99,1596.12,2289,180,0
2025-04-19 10:00:00,1596.12,1598.44,1591.29,1594.0,2373,180,0
2025-04-19 11:00:00,1594.0,1596.33,1592.48,1594.73,1844,180,0
2025-04-19 12:00:00,1594.73,1597.02,1592.44,1594.81,1434,180,0
2025-04-19 13:00:00,1594.81,1604.35,1592.82,1601.73,3024,180,0
2025-04-19 14:00:00,1601.73,1606.18,1600.35,1603.78,2506,180,0
2025-04-19 15:00:00,1603.78,1609.94,1600.69,1604.88,3735,180,0
2025-04-19 16:00:00,1604.88,1608.88,1595.54,1597.42,3573,180,0
2025-04-19 17:00:00,1597.42,1630.26,1596.74,1616.11,5271,180,0
2025-04-19 18:00:00,1616.11,1620.7,1611.78,1612.6,4122,180,0
2025-04-19 19:00:00,1612.6,1616.04,1610.28,1612.21,2456,180,0
2025-04-19 20:00:00,1612.21,1614.66,1608.11,1611.69,2344,180,0
2025-04-19 21:00:00,1611.69,1620.0,1611.46,1618.22,2020,180,0
2025-04-19 22:00:00,1618.22,1618.79,1613.2,1616.85,1748,180,0
2025-04-19 23:00:00,1616.85,1618.07,1608.84,1610.33,1649,180,0
2025-04-20 00:00:00,1610.12,1612.58,1604.81,1607.76,2572,180,0
2025-04-20 01:00:00,1607.76,1616.39,1606.99,1615.38,2559,180,0
2025-04-20 02:00:00,1615.38,1616.83,1610.56,1613.31,1726,180,0
2025-04-20 03:00:00,1613.31,1614.15,1606.4,1609.47,1789,180,0
2025-04-20 04:00:00,1609.47,1614.7,1608.81,1611.81,1240,180,0
2025-04-20 05:00:00,1611.83,1613.69,1606.57,1607.26,1640,180,0
2025-04-20 06:00:00,1607.26,1610.37,1599.48,1602.83,2626,180,0
2025-04-20 07:00:00,1602.83,1602.83,1582.81,1595.09,4824,180,0
2025-04-20 08:00:00,1595.09,1595.23,1583.24,1587.48,3007,180,0
2025-04-20 09:00:00,1587.48,1590.64,1585.73,1589.06,2249,180,0
2025-04-20 10:00:00,1589.06,1590.04,1565.41,1571.77,4510,180,0
2025-04-20 11:00:00,1571.77,1577.64,1563.38,1570.86,4617,180,0
2025-04-20 12:00:00,1570.8,1577.39,1569.56,1573.4,3576,180,0
2025-04-20 13:00:00,1573.4,1578.95,1568.01,1574.95,2642,180,0
2025-04-20 14:00:00,1574.95,1581.68,1573.47,1577.52,3237,180,0
2025-04-20 15:00:00,1577.52,1578.18,1567.88,1571.04,2773,180,0
2025-04-20 16:00:00,1571.04,1580.02,1568.23,1578.4,2963,180,0
2025-04-20 17:00:00,1578.4,1579.2,1573.22,1576.87,1981,180,0
2025-04-20 18:00:00,1576.87,1579.39,1575.16,1578.24,1982,180,0
2025-04-20 19:00:00,1578.24,1585.15,1575.7,1582.97,1873,180,0
2025-04-20 20:00:00,1582.97,1598.13,1581.8,1587.23,4910,180,0
2025-04-20 21:00:00,1587.23,1588.62,1580.41,1586.0,2302,180,0
2025-04-20 22:00:00,1586.0,1586.22,1571.7,1579.16,3195,180,0
2025-04-20 23:00:00,1579.15,1585.48,1579.15,1584.73,2338,180,0
2025-04-21 00:00:00,1584.74,1617.85,1583.0,1607.12,10767,180,0
2025-04-21 01:00:00,1607.12,1626.84,1605.31,1625.48,8693,180,0
2025-04-21 02:00:00,1625.48,1642.9,1621.75,1629.57,8773,180,0
2025-04-21 03:00:00,1629.57,1639.9,1628.95,1631.56,4485,180,0
2025-04-21 04:00:00,1631.56,1638.85,1628.14,1637.58,3635,180,0
2025-04-21 05:00:00,1637.58,1653.81,1634.3,1645.35,3963,180,0
2025-04-21 06:00:00,1645.35,1655.94,1642.86,1644.84,4236,180,0
2025-04-21 07:00:00,1644.84,1647.88,1638.05,1642.44,2792,180,0
2025-04-21 08:00:00,1642.44,1646.71,1640.61,1646.28,2621,180,0
2025-04-21 09:00:00,1646.28,1652.54,1636.53,1639.35,3690,180,0
2025-04-21 10:00:00,1639.35,1640.23,1625.16,1633.53,3687,180,0
2025-04-21 11:00:00,1633.53,1634.01,1615.64,1624.37,5328,180,0
2025-04-21 12:00:00,1624.37,1629.66,1621.39,1621.57,3879,180,0
2025-04-21 13:00:00,1621.57,1628.84,1609.18,1609.96,8012,180,0
2025-04-21 14:00:00,1609.96,1640.33,1606.21,1632.61,12235,180,0
2025-04-21 15:00:00,1632.52,1633.48,1617.36,1622.1,7184,180,0
2025-04-21 16:00:00,1622.1,1625.06,1585.41,1588.22,8342,180,0
2025-04-21 17:00:00,1588.22,1588.74,1569.6,1577.2,11635,180,0
2025-04-21 18:00:00,1577.13,1578.03,1565.46,1565.89,7078,180,0
2025-04-21 19:00:00,1565.89,1579.94,1560.02,1572.15,5918,180,0
2025-04-21 20:00:00,1572.15,1576.6,1569.63,1575.96,2690,180,0
2025-04-21 21:00:00,1575.96,1578.99,1570.19,1577.09,1907,180,0
2025-04-21 22:00:00,1577.09,1577.23,1570.11,1576.27,2088,180,0
2025-04-21 23:00:00,1576.27,1579.47,1570.23,1578.12,2020,180,0
2025-04-22 00:00:00,1578.14,1579.45,1535.15,1567.07,7560,180,0
2025-04-22 01:00:00,1567.04,1587.62,1563.22,1585.72,9606,180,0
2025-04-22 02:00:00,1585.65,1592.32,1564.98,1575.78,5940,180,0
2025-04-22 03:00:00,1575.78,1579.6,1569.46,1577.32,4043,180,0
2025-04-22 04:00:00,1577.32,1585.53,1575.82,1576.03,3351,180,0
2025-04-22 05:00:00,1576.03,1582.96,1572.1,1582.29,3380,180,0
2025-04-22 06:00:00,1582.29,1584.19,1572.61,1582.15,3388,180,0
2025-04-22 07:00:00,1582.15,1622.01,1580.33,1617.64,8514,180,0
2025-04-22 08:00:00,1617.66,1633.02,1617.53,1626.48,7165,180,0
2025-04-22 09:00:00,1626.48,1632.34,1619.94,1623.42,4020,180,0
2025-04-22 10:00:00,1623.42,1628.59,1611.25,1626.32,4450,180,0
2025-04-22 11:00:00,1626.32,1636.96,1623.68,1629.42,3723,180,0
2025-04-22 12:00:00,1629.42,1638.78,1625.46,1633.37,5387,180,0
2025-04-22 13:00:00,1633.37,1652.82,1625.07,1642.21,13859,180,0
2025-04-22 14:00:00,1642.21,1679.81,1636.52,1674.37,14441,180,0
2025-04-22 15:00:00,1674.38,1725.16,1673.28,1702.81,21343,180,0
2025-04-22 16:00:00,1702.7,1710.04,1686.14,1691.8,8921,180,0
2025-04-22 17:00:00,1691.8,1703.17,1682.29,1700.54,8795,180,0
2025-04-22 18:00:00,1700.54,1707.73,1695.46,1703.46,5344,180,0
2025-04-22 19:00:00,1703.46,1705.0,1683.62,1697.93,5512,180,0
2025-04-22 20:00:00,1697.94,1701.86,1692.01,1694.89,3986,180,0
2025-04-22 21:00:00,1694.89,1778.08,1693.89,1753.43,14764,180,0
2025-04-22 22:00:00,1753.43,1761.02,1737.31,1744.51,12189,180,0
2025-04-22 23:00:00,1744.63,1763.58,1743.52,1755.03,9581,180,0
2025-04-23 00:00:00,1755.03,1762.67,1743.92,1750.42,8456,180,0
2025-04-23 01:00:00,1750.42,1786.22,1746.41,1760.86,12884,180,0
2025-04-23 02:00:00,1760.71,1806.77,1759.72,1790.65,12667,180,0
2025-04-23 03:00:00,1790.65,1796.63,1778.38,1794.35,6085,180,0
2025-04-23 04:00:00,1794.35,1817.19,1781.05,1815.89,6840,180,0
2025-04-23 05:00:00,1815.89,1815.89,1793.82,1796.49,9376,180,0
2025-04-23 06:00:00,1796.49,1801.36,1784.8,1787.31,6241,180,0
2025-04-23 07:00:00,1787.31,1792.92,1771.8,1790.52,7464,180,0
2025-04-23 08:00:00,1790.52,1800.3,1783.92,1789.62,6206,180,0
2025-04-23 09:00:00,1789.62,1800.93,1784.15,1784.16,4472,180,0
2025-04-23 10:00:00,1784.16,1808.0,1777.62,1801.78,7296,180,0
2025-04-23 11:00:00,1801.78,1811.2,1791.05,1796.52,6807,180,0
2025-04-23 12:00:00,1796.52,1829.96,1794.04,1815.15,9968,180,0
2025-04-23 13:00:00,1815.1,1835.79,1781.7,1785.53,18641,180,0
2025-04-23 14:00:00,1785.54,1802.64,1780.06,1787.22,14502,180,0
2025-04-23 15:00:00,1787.22,1796.52,1760.66,1793.18,18382,180,0
2025-04-23 16:00:00,1793.17,1796.84,1780.51,1791.71,10823,180,0
2025-04-23 17:00:00,1791.69,1803.38,1786.59,1799.68,6851,180,0
2025-04-23 18:00:00,1799.68,1808.97,1792.22,1796.63,6076,180,0
2025-04-23 19:00:00,1796.63,1797.66,1772.54,1784.9,6765,180,0
2025-04-23 20:00:00,1784.95,1799.43,1784.18,1794.5,4405,180,0
2025-04-23 21:00:00,1794.5,1798.31,1785.81,1790.78,2471,180,0
2025-04-23 22:00:00,1790.78,1805.63,1788.5,1802.54,3197,180,0
2025-04-23 23:00:00,1802.54,1806.45,1790.69,1794.39,2877,180,0
2025-04-24 00:00:00,1794.39,1798.0,1782.47,1789.31,4550,180,0
2025-04-24 01:00:00,1789.31,1797.45,1780.15,1793.46,4839,180,0
2025-04-24 02:00:00,1793.46,1802.38,1774.22,1778.77,5273,180,0
2025-04-24 03:00:00,1778.77,1790.3,1765.25,1767.14,5550,180,0
2025-04-24 04:00:00,1767.01,1772.8,1756.58,1771.44,5953,180,0
2025-04-24 05:00:00,1771.44,1775.33,1765.03,1767.98,2891,180,0
2025-04-24 06:00:00,1767.98,1775.35,1760.49,1767.4,3931,180,0
2025-04-24 07:00:00,1767.4,1773.98,1750.56,1755.51,6278,180,0
2025-04-24 08:00:00,1755.51,1759.79,1721.03,1733.86,10507,180,0
2025-04-24 09:00:00,1733.86,1746.27,1733.55,1742.73,5785,180,0
2025-04-24 10:00:00,1742.73,1750.9,1739.08,1749.34,3353,180,0
2025-04-24 11:00:00,1749.34,1756.7,1740.17,1753.67,3728,180,0
2025-04-24 12:00:00,1753.68,1757.39,1746.01,1757.39,4330,180,0
2025-04-24 13:00:00,1757.39,1760.44,1743.72,1753.05,7288,180,0
2025-04-24 14:00:00,1753.05,1776.18,1752.26,1764.44,12087,180,0
2025-04-24 15:00:00,1764.44,1776.93,1761.28,1763.24,7860,180,0
2025-04-24 16:00:00,1763.24,1776.86,1762.44,1768.93,5819,180,0
2025-04-24 17:00:00,1768.93,1773.26,1744.72,1754.46,8877,180,0
2025-04-24 18:00:00,1754.46,1768.51,1754.04,1762.12,5220,180,0
2025-04-24 19:00:00,1762.12,1765.91,1754.66,1762.41,3987,180,0
2025-04-24 20:00:00,1762.41,1769.96,1759.72,1761.34,2970,180,0
2025-04-24 21:00:00,1761.34,1763.68,1747.69,1760.64,2938,180,0
2025-04-24 22:00:00,1760.64,1764.59,1754.8,1759.47,2468,180,0
2025-04-24 23:00:00,1759.47,1774.17,1758.19,1768.93,3110,180,0
2025-04-25 00:00:00,1768.93,1774.63,1761.67,1773.17,3723,180,0
2025-04-25 01:00:00,1773.17,1789.15,1763.63,1764.6,5891,180,0
2025-04-25 02:00:00,1764.6,1769.86,1737.59,1743.98,6956,180,0
2025-04-25 03:00:00,1744.04,1761.71,1739.39,1759.95,4811,180,0
2025-04-25 04:00:00,1759.95,1770.99,1757.18,1764.98,3558,180,0
2025-04-25 05:00:00,1764.98,1770.49,1761.85,1766.62,2510,180,0
2025-04-25 06:00:00,1766.62,1779.1,1764.73,1775.61,3492,180,0
2025-04-25 07:00:00,1775.45,1781.03,1768.57,1776.2,4091,180,0
2025-04-25 08:00:00,1776.2,1777.94,1770.84,1773.98,3720,180,0
2025-04-25 09:00:00,1773.98,1792.45,1762.61,1787.0,4689,180,0
2025-04-25 10:00:00,1787.0,1790.97,1767.53,1770.77,5912,180,0
2025-04-25 11:00:00,1770.77,1789.4,1770.67,1789.32,4559,180,0
2025-04-25 12:00:00,1789.32,1801.84,1769.48,1772.0,8984,180,0
2025-04-25 13:00:00,1772.0,1778.32,1755.66,1768.08,9701,180,0
2025-04-25 14:00:00,1768.03,1813.01,1767.27,1807.53,15072,180,0
2025-04-25 15:00:00,1807.53,1826.91,1800.13,1805.87,14929,180,0
2025-04-25 16:00:00,1805.87,1808.79,1787.07,1801.0,7701,180,0
2025-04-25 17:00:00,1801.0,1810.43,1781.79,1785.6,8275,180,0
2025-04-25 18:00:00,1785.6,1803.01,1785.59,1796.23,5101,180,0
2025-04-25 19:00:00,1796.23,1803.3,1791.1,1802.35,4580,180,0
2025-04-25 20:00:00,1802.5,1806.37,1792.01,1798.42,3912,180,0
2025-04-25 21:00:00,1798.42,1810.12,1785.98,1790.98,4110,180,0
2025-04-25 22:00:00,1790.98,1800.01,1789.14,1796.49,2720,180,0
2025-04-25 23:00:00,1796.49,1799.4,1783.99,1785.32,3142,180,0
2025-04-26 00:00:00,1785.32,1799.1,1785.32,1796.61,4961,180,0
2025-04-26 01:00:00,1796.61,1815.96,1791.13,1807.36,5083,180,0
2025-04-26 02:00:00,1807.36,1814.87,1801.14,1807.45,4554,180,0
2025-04-26 03:00:00,1807.45,1810.03,1792.49,1797.42,4468,180,0
2025-04-26 04:00:00,1797.42,1800.49,1789.64,1791.75,3026,180,0
2025-04-26 05:00:00,1791.75,1797.78,1788.42,1794.1,3206,180,0
2025-04-26 06:00:00,1794.1,1806.63,1793.18,1802.53,3685,180,0
2025-04-26 07:00:00,1802.52,1810.54,1799.53,1800.31,3950,180,0
2025-04-26 08:00:00,1800.31,1840.94,1797.48,1806.45,10868,180,0
2025-04-26 09:00:00,1806.45,1815.56,1792.47,1803.08,7187,180,0
2025-04-26 10:00:00,1803.08,1810.88,1800.88,1803.1,4939,180,0
2025-04-26 11:00:00,1803.1,1806.05,1778.42,1785.46,7067,180,0
2025-04-26 12:00:00,1785.46,1799.22,1783.77,1791.06,5081,180,0
2025-04-26 13:00:00,1791.06,1795.54,1779.63,1790.68,5560,180,0
2025-04-26 14:00:00,1790.68,1796.58,1784.63,1792.16,5639,180,0
2025-04-26 15:00:00,1792.16,1804.28,1792.07,1799.98,5074,180,0
2025-04-26 16:00:00,1799.98,1804.96,1795.41,1803.08,3591,180,0
2025-04-26 17:00:00,1803.09,1807.44,1798.92,1804.75,3649,180,0
2025-04-26 18:00:00,1804.75,1808.53,1800.45,1802.76,2586,180,0
2025-04-26 19:00:00,1802.76,1814.59,1800.68,1813.18,2800,180,0
2025-04-26 20:00:00,1813.18,1818.93,1805.23,1805.9,3281,180,0
2025-04-26 21:00:00,1805.89,1815.96,1805.75,1812.18,2610,180,0
2025-04-26 22:00:00,1812.18,1831.24,1812.18,1816.45,5013,180,0
2025-04-26 23:00:00,1816.45,1823.34,1814.06,1820.66,2810,180,0
2025-04-27 00:00:00,1820.66,1849.81,1820.09,1842.3,9483,180,0
2025-04-27 01:00:00,1842.3,1858.36,1801.2,1804.93,13939,180,0
2025-04-27 02:00:00,1804.79,1818.82,1801.26,1813.23,5891,180,0
2025-04-27 03:00:00,1813.22,1817.6,1805.0,1809.95,3629,180,0
2025-04-27 04:00:00,1809.95,1811.82,1796.44,1798.02,3701,180,0
2025-04-27 05:00:00,1798.02,1806.65,1789.42,1798.3,4880,180,0
2025-04-27 06:00:00,1798.3,1803.85,1796.78,1800.56,2557,180,0
2025-04-27 07:00:00,1800.56,1804.4,1796.04,1802.83,2644,180,0
2025-04-27 08:00:00,1802.83,1815.01,1800.1,1809.32,3964,180,0
2025-04-27 09:00:00,1809.32,1812.0,1803.96,1809.15,2687,180,0
2025-04-27 10:00:00,1809.15,1811.74,1804.66,1808.39,2016,180,0
2025-04-27 11:00:00,1808.39,1809.53,1802.61,1805.28,2895,180,0
2025-04-27 12:00:00,1805.28,1806.8,1793.31,1795.17,5222,180,0
2025-04-27 13:00:00,1795.17,1799.84,1781.35,1797.18,6236,180,0
2025-04-27 14:00:00,1797.18,1807.53,1792.16,1795.42,4838,180,0
2025-04-27 15:00:00,1795.42,1797.22,1788.04,1792.75,3842,180,0
2025-04-27 16:00:00,1792.75,1797.53,1785.94,1794.84,4116,180,0
2025-04-27 17:00:00,1794.84,1801.36,1792.27,1796.98,3421,180,0
2025-04-27 18:00:00,1796.98,1807.28,1795.85,1802.12,2751,180,0
2025-04-27 19:00:00,1802.12,1807.43,1799.42,1806.77,1772,180,0
2025-04-27 20:00:00,1806.77,1807.05,1797.04,1800.94,2131,180,0
2025-04-27 21:00:00,1800.94,1806.51,1794.6,1802.2,2008,180,0
2025-04-27 22:00:00,1802.2,1802.44,1782.65,1793.41,4667,180,0
2025-04-27 23:00:00,1793.41,1795.24,1786.69,1790.0,3002,180,0
2025-04-28 00:00:00,1790.0,1792.97,1766.98,1773.45,8942,180,0
2025-04-28 01:00:00,1773.45,1778.47,1751.8,1764.46,8977,180,0
2025-04-28 02:00:00,1764.46,1774.6,1762.22,1773.12,4980,180,0
2025-04-28 03:00:00,1773.12,1787.43,1769.54,1784.4,4555,180,0
2025-04-28 04:00:00,1784.4,1793.64,1783.75,1786.89,3396,180,0
2025-04-28 05:00:00,1786.89,1802.65,1785.24,1795.17,4167,180,0
2025-04-28 06:00:00,1795.17,1805.02,1794.89,1804.15,4059,180,0
2025-04-28 07:00:00,1804.15,1811.77,1799.24,1803.89,3577,180,0
2025-04-28 08:00:00,1803.89,1809.74,1800.5,1808.61,3491,180,0
2025-04-28 09:00:00,1808.61,1815.29,1803.38,1804.69,3857,180,0
2025-04-28 10:00:00,1804.69,1823.37,1787.36,1814.62,8702,180,0
2025-04-28 11:00:00,1814.62,1826.96,1809.23,1815.22,4917,180,0
2025-04-28 12:00:00,1815.22,1816.31,1803.82,1806.05,4870,180,0
2025-04-28 13:00:00,1806.02,1809.95,1780.84,1783.58,8558,180,0
2025-04-28 14:00:00,1783.58,1798.47,1778.42,1781.54,8221,180,0
2025-04-28 15:00:00,1781.54,1785.17,1752.34,1763.43,9744,180,0
2025-04-28 16:00:00,1763.33,1768.76,1744.34,1758.14,8155,180,0
2025-04-28 17:00:00,1758.14,1774.64,1754.2,1770.6,4733,180,0
2025-04-28 18:00:00,1770.6,1781.26,1764.15,1777.5,4068,180,0
2025-04-28 19:00:00,1777.5,1804.53,1776.92,1796.32,7265,180,0
2025-04-28 20:00:00,1796.32,1798.19,1782.36,1785.28,3293,180,0
2025-04-28 21:00:00,1785.28,1794.5,1779.88,1793.23,1774,180,0
2025-04-28 22:00:00,1793.23,1805.52,1790.59,1800.96,4091,180,0
2025-04-28 23:00:00,1800.96,1805.67,1793.95,1798.93,3297,180,0
2025-04-29 00:00:00,1798.95,1805.59,1792.84,1801.91,3958,180,0
2025-04-29 01:00:00,1801.91,1811.19,1792.13,1795.92,6613,180,0
2025-04-29 02:00:00,1795.92,1801.85,1787.08,1794.51,4737,180,0
2025-04-29 03:00:00,1794.6,1805.2,1792.15,1801.4,3300,180,0
2025-04-29 04:00:00,1801.4,1804.76,1788.5,1792.07,3238,180,0
2025-04-29 05:00:00,1792.07,1796.06,1787.28,1794.07,3265,180,0
2025-04-29 06:00:00,1794.07,1822.16,1793.38,1821.0,6144,180,0
2025-04-29 07:00:00,1821.0,1825.08,1816.17,1821.0,4573,180,0
2025-04-29 08:00:00,1821.0,1835.57,1816.12,1831.84,5211,180,0
2025-04-29 09:00:00,1831.84,1834.82,1823.85,1831.64,4893,180,0
2025-04-29 10:00:00,1831.64,1843.0,1822.43,1825.67,5799,180,0
2025-04-29 11:00:00,1825.67,1838.08,1824.84,1829.15,4580,180,0
2025-04-29 12:00:00,1829.15,1832.87,1820.32,1821.58,5496,180,0
2025-04-29 13:00:00,1821.58,1824.48,1802.29,1814.18,8299,180,0
2025-04-29 14:00:00,1814.19,1826.19,1807.66,1822.69,8155,180,0
2025-04-29 15:00:00,1822.69,1824.75,1811.1,1814.38,4713,180,0
2025-04-29 16:00:00,1814.38,1831.74,1812.89,1815.71,5648,180,0
2025-04-29 17:00:00,1815.71,1828.72,1806.01,1824.03,5815,180,0
2025-04-29 18:00:00,1824.03,1827.8,1819.73,1824.5,3423,180,0
2025-04-29 19:00:00,1824.51,1828.12,1817.85,1820.92,3050,180,0
2025-04-29 20:00:00,1821.06,1825.18,1805.82,1807.95,2945,180,0
2025-04-29 21:00:00,1807.95,1810.83,1789.12,1799.85,4813,180,0
2025-04-29 22:00:00,1799.85,1799.85,1788.86,1792.01,4320,180,0
2025-04-29 23:00:00,1792.01,1799.88,1779.89,1797.53,5178,180,0
2025-04-30 00:00:00,1797.53,1812.79,1794.47,1805.46,4675,180,0
2025-04-30 01:00:00,1805.46,1806.56,1788.28,1797.55,3589,180,0
2025-04-30 02:00:00,1797.55,1806.01,1793.06,1802.52,3328,180,0
2025-04-30 03:00:00,1802.52,1812.56,1797.73,1808.37,3447,180,0
2025-04-30 04:00:00,1808.37,1812.96,1804.65,1811.74,2796,180,0
2025-04-30 05:00:00,1811.74,1812.13,1800.57,1805.93,2706,180,0
2025-04-30 06:00:00,1805.93,1808.56,1801.86,1802.61,2198,180,0
2025-04-30 07:00:00,1802.57,1807.33,1790.27,1796.01,3638,180,0
2025-04-30 08:00:00,1796.01,1801.67,1791.64,1794.29,3436,180,0
2025-04-30 09:00:00,1794.29,1807.48,1793.92,1805.22,2941,180,0
2025-04-30 10:00:00,1805.22,1809.99,1802.44,1806.61,2436,180,0
2025-04-30 11:00:00,1806.61,1816.41,1806.61,1814.93,2943,180,0
2025-04-30 12:00:00,1814.93,1815.38,1766.22,1775.22,10388,180,0
2025-04-30 13:00:00,1775.22,1776.11,1735.37,1741.57,15162,180,0
2025-04-30 14:00:00,1741.67,1773.91,1731.93,1759.93,14056,180,0
2025-04-30 15:00:00,1759.93,1772.17,1757.6,1765.16,7398,180,0
2025-04-30 16:00:00,1765.16,1771.23,1756.09,1768.24,5992,180,0
2025-04-30 17:00:00,1768.24,1780.18,1761.76,1776.02,5391,180,0
2025-04-30 18:00:00,1776.02,1790.0,1773.1,1782.72,7221,180,0
2025-04-30 19:00:00,1782.72,1793.0,1776.21,1786.38,4306,180,0
2025-04-30 20:00:00,1786.38,1809.76,1784.5,1794.14,6635,180,0
2025-04-30 21:00:00,1794.14,1801.18,1791.1,1793.12,2631,180,0
2025-04-30 22:00:00,1793.11,1800.29,1789.75,1796.03,2960,180,0
2025-04-30 23:00:00,1796.03,1800.32,1792.32,1793.78,2380,180,0
2025-05-01 00:00:00,1793.78,1799.58,1792.66,1797.99,2450,180,0
2025-05-01 01:00:00,1797.99,1810.62,1797.99,1809.86,3403,180,0
2025-05-01 02:00:00,1809.86,1819.26,1805.81,1807.17,4442,180,0
2025-05-01 03:00:00,1807.17,1814.5,1804.98,1807.94,3155,180,0
2025-05-01 04:00:00,1807.94,1810.49,1803.57,1809.15,2583,180,0
2025-05-01 05:00:00,1809.15,1817.17,1805.24,1813.41,2362,180,0
2025-05-01 06:00:00,1813.41,1815.32,1804.59,1806.48,2291,180,0
2025-05-01 07:00:00,1806.48,1814.93,1801.94,1810.36,2364,180,0
2025-05-01 08:00:00,1810.36,1821.17,1808.36,1817.75,3005,180,0
2025-05-01 09:00:00,1817.75,1825.1,1814.57,1817.26,3803,180,0
2025-05-01 10:00:00,1817.26,1851.09,1817.26,1847.54,8972,180,0
2025-05-01 11:00:00,1847.54,1858.87,1837.14,1844.59,6532,180,0
2025-05-01 12:00:00,1844.59,1854.48,1841.1,1848.8,5179,180,0
2025-05-01 13:00:00,1848.8,1851.2,1824.07,1826.42,10201,180,0
2025-05-01 14:00:00,1826.36,1849.12,1826.36,1848.2,7909,180,0
2025-05-01 15:00:00,1848.17,1872.9,1843.95,1852.51,11077,180,0
2025-05-01 16:00:00,1852.51,1869.66,1851.89,1858.99,5791,180,0
2025-05-01 17:00:00,1858.99,1864.42,1845.46,1854.84,4868,180,0
2025-05-01 18:00:00,1854.84,1857.93,1846.24,1854.9,3320,180,0
2025-05-01 19:00:00,1854.9,1855.17,1837.93,1841.87,3283,180,0
2025-05-01 20:00:00,1841.87,1850.78,1835.83,1838.92,4232,180,0
2025-05-01 21:00:00,1838.92,1848.89,1838.58,1843.1,1793,180,0
2025-05-01 22:00:00,1843.1,1845.41,1836.16,1837.55,2595,180,0
2025-05-01 23:00:00,1837.55,1840.35,1831.54,1837.45,2422,180,0
2025-05-02 00:00:00,1837.45,1849.75,1834.33,1846.76,3868,180,0
2025-05-02 01:00:00,1846.76,1850.64,1837.71,1841.96,3831,180,0
2025-05-02 02:00:00,1841.95,1848.86,1838.12,1845.56,3153,180,0
2025-05-02 03:00:00,1845.56,1849.96,1842.52,1846.84,2482,180,0
2025-05-02 04:00:00,1846.84,1850.62,1837.97,1840.72,3002,180,0
2025-05-02 05:00:00,1840.72,1843.42,1827.75,1831.29,2918,180,0
2025-05-02 06:00:00,1831.29,1836.74,1826.91,1831.46,3676,180,0
2025-05-02 07:00:00,1831.46,1831.46,1814.62,1814.82,4818,180,0
2025-05-02 08:00:00,1814.82,1825.86,1811.57,1822.64,3321,180,0
2025-05-02 09:00:00,1822.64,1826.4,1818.96,1819.27,2513,180,0
2025-05-02 10:00:00,1819.27,1834.68,1819.17,1827.98,3341,180,0
2025-05-02 11:00:00,1827.98,1834.41,1827.98,1832.6,2773,180,0
2025-05-02 12:00:00,1832.6,1843.37,1821.82,1840.59,6273,180,0
2025-05-02 13:00:00,1840.59,1841.93,1828.39,1832.97,5782,180,0
2025-05-02 14:00:00,1832.97,1851.6,1832.9,1848.58,8445,180,0
2025-05-02 15:00:00,1848.58,1854.17,1831.58,1840.71,5585,180,0
2025-05-02 16:00:00,1840.71,1870.79,1840.63,1852.47,7521,180,0
2025-05-02 17:00:00,1852.47,1853.32,1840.8,1852.11,4613,180,0
2025-05-02 18:00:00,1852.11,1855.26,1844.38,1848.28,3644,180,0
2025-05-02 19:00:00,1848.28,1850.02,1830.59,1839.08,4093,180,0
2025-05-02 20:00:00,1839.08,1847.51,1834.53,1846.03,2552,180,0
2025-05-02 21:00:00,1846.03,1846.04,1832.22,1837.4,1877,180,0
2025-05-02 22:00:00,1837.4,1839.7,1832.14,1834.79,2709,180,0
2025-05-02 23:00:00,1834.78,1842.39,1833.87,1841.67,2191,180,0
2025-05-03 00:00:00,1841.67,1842.94,1835.34,1838.51,2314,180,0
2025-05-03 01:00:00,1838.51,1840.14,1825.59,1828.58,3545,180,0
2025-05-03 02:00:00,1828.58,1835.48,1828.26,1833.7,2146,180,0
2025-05-03 03:00:00,1833.7,1837.74,1830.37,1834.34,2554,180,0
2025-05-03 04:00:00,1834.34,1838.88,1833.19,1837.99,2269,180,0
2025-05-03 05:00:00,1837.99,1838.19,1832.15,1832.57,1916,180,0
2025-05-03 06:00:00,1832.57,1833.12,1823.88,1826.78,2546,180,0
2025-05-03 07:00:00,1826.78,1829.89,1824.27,1826.35,2021,180,0
2025-05-03 08:00:00,1826.35,1829.96,1821.99,1825.28,2573,180,0
2025-05-03 09:00:00,1825.28,1828.73,1818.82,1827.43,2810,180,0
2025-05-03 10:00:00,1827.43,1830.73,1817.28,1819.72,4481,180,0
2025-05-03 11:00:00,1819.81,1827.09,1818.88,1824.69,2921,180,0
2025-05-03 12:00:00,1824.69,1833.76,1824.22,1829.86,3042,180,0
2025-05-03 13:00:00,1829.86,1837.84,1829.32,1835.91,3404,180,0
2025-05-03 14:00:00,1835.91,1837.7,1831.58,1835.83,3044,180,0
2025-05-03 15:00:00,1835.83,1840.54,1832.79,1834.69,2499,180,0
2025-05-03 16:00:00,1834.69,1835.57,1823.03,1827.19,3311,180,0
2025-05-03 17:00:00,1827.19,1827.41,1808.64,1823.57,5300,180,0
2025-05-03 18:00:00,1823.57,1831.25,1822.26,1825.79,2565,180,0
2025-05-03 19:00:00,1825.79,1839.47,1824.16,1838.02,2300,180,0
2025-05-03 20:00:00,1838.02,1840.03,1834.14,1838.9,1967,180,0
2025-05-03 21:00:00,1838.9,1849.23,1836.0,1841.66,2680,180,0
2025-05-03 22:00:00,1841.66,1845.75,1835.81,1842.63,2101,180,0
2025-05-03 23:00:00,1842.63,1843.68,1828.69,1834.07,2753,180,0
2025-05-04 00:00:00,1834.07,1842.86,1830.08,1836.93,3429,180,0
2025-05-04 01:00:00,1836.93,1841.39,1829.44,1838.14,3868,180,0
2025-05-04 02:00:00,1838.15,1850.22,1830.14,1834.95,4758,180,0
2025-05-04 03:00:00,1834.95,1837.15,1826.65,1832.74,3246,180,0
2025-05-04 04:00:00,1832.74,1837.96,1829.68,1831.07,2653,180,0
2025-05-04 05:00:00,1831.07,1850.5,1830.49,1845.74,4402,180,0
2025-05-04 06:00:00,1845.74,1849.15,1839.56,1845.28,3145,180,0
2025-05-04 07:00:00,1845.28,1847.1,1836.14,1841.1,2353,180,0
2025-05-04 08:00:00,1841.1,1841.95,1829.52,1831.54,3238,180,0
2025-05-04 09:00:00,1831.54,1833.29,1823.57,1828.16,3179,180,0
2025-05-04 10:00:00,1828.16,1829.65,1821.43,1827.36,2230,180,0
2025-05-04 11:00:00,1827.36,1836.12,1825.49,1827.82,3065,180,0
2025-05-04 12:00:00,1827.82,1834.04,1827.29,1830.06,2471,180,0
2025-05-04 13:00:00,1830.06,1833.23,1817.89,1824.87,3432,180,0
2025-05-04 14:00:00,1824.87,1832.83,1824.0,1830.94,3122,180,0
2025-05-04 15:00:00,1830.94,1833.7,1825.48,1830.75,3040,180,0
2025-05-04 16:00:00,1830.6,1833.37,1823.15,1828.1,2787,180,0
2025-05-04 17:00:00,1828.1,1831.85,1822.16,1828.01,2626,180,0
2025-05-04 18:00:00,1828.01,1831.6,1825.64,1826.61,2284,180,0
2025-05-04 19:00:00,1826.61,1831.5,1825.13,1828.97,1545,180,0
2025-05-04 20:00:00,1828.97,1843.37,1828.97,1836.66,2322,180,0
2025-05-04 21:00:00,1836.66,1838.19,1832.52,1835.96,1345,180,0
2025-05-04 22:00:00,1835.96,1836.05,1811.8,1818.65,5067,180,0
2025-05-04 23:00:00,1818.65,1819.74,1803.03,1809.74,5141,180,0
2025-05-05 00:00:00,1809.74,1819.25,1806.68,1816.62,3868,180,0
2025-05-05 01:00:00,1816.62,1817.53,1781.63,1792.87,6947,180,0
2025-05-05 02:00:00,1792.87,1804.02,1782.8,1800.14,5851,180,0
2025-05-05 03:00:00,1800.14,1801.74,1794.28,1795.79,2360,180,0
2025-05-05 04:00:00,1795.79,1806.28,1793.6,1805.61,2842,180,0
2025-05-05 05:00:00,1805.61,1819.69,1801.38,1816.86,2968,180,0
2025-05-05 06:00:00,1816.86,1822.6,1812.35,1820.3,3302,180,0
2025-05-05 07:00:00,1820.3,1830.41,1816.66,1826.84,3543,180,0
2025-05-05 08:00:00,1826.84,1832.25,1823.47,1828.72,2543,180,0
2025-05-05 09:00:00,1828.72,1830.99,1822.74,1823.65,2516,180,0
2025-05-05 10:00:00,1823.61,1824.49,1798.19,1805.52,4601,180,0
2025-05-05 11:00:00,1805.52,1811.63,1799.92,1805.79,3317,180,0
2025-05-05 12:00:00,1805.79,1810.76,1800.83,1806.57,3448,180,0
2025-05-05 13:00:00,1806.57,1810.06,1794.58,1809.56,6966,180,0
2025-05-05 14:00:00,1809.56,1816.31,1799.22,1805.02,7552,180,0
2025-05-05 15:00:00,1805.02,1808.52,1795.47,1801.25,5125,180,0
2025-05-05 16:00:00,1801.26,1812.89,1801.24,1808.51,4124,180,0
2025-05-05 17:00:00,1808.51,1818.31,1805.23,1814.88,3764,180,0
2025-05-05 18:00:00,1814.88,1828.62,1811.93,1823.05,3618,180,0
2025-05-05 19:00:00,1823.05,1826.89,1813.38,1816.47,3231,180,0
2025-05-05 20:00:00,1816.47,1816.63,1799.18,1809.1,3623,180,0
2025-05-05 21:00:00,1809.1,1819.73,1808.5,1816.37,2773,180,0
2025-05-05 22:00:00,1816.37,1833.83,1816.05,1825.89,3602,180,0
2025-05-05 23:00:00,1825.89,1829.82,1816.58,1820.25,2183,180,0
2025-05-06 00:00:00,1820.25,1820.87,1810.38,1814.18,2464,180,0
2025-05-06 01:00:00,1814.18,1821.06,1803.34,1804.65,3726,180,0
2025-05-06 02:00:00,1804.65,1807.68,1792.81,1803.98,3745,180,0
2025-05-06 03:00:00,1803.98,1807.38,1797.63,1806.38,2827,180,0
2025-05-06 04:00:00,1806.39,1809.12,1803.47,1807.14,2173,180,0
2025-05-06 05:00:00,1807.14,1808.31,1798.29,1799.18,2154,180,0
2025-05-06 06:00:00,1799.18,1806.75,1798.68,1806.73,1695,180,0
2025-05-06 07:00:00,1806.73,1809.7,1801.15,1805.98,2533,180,0
2025-05-06 08:00:00,1805.98,1805.98,1788.09,1801.84,4075,180,0
2025-05-06 09:00:00,1801.84,1802.02,1792.03,1798.35,2705,180,0
2025-05-06 10:00:00,1798.35,1798.43,1782.2,1785.54,3778,180,0
2025-05-06 11:00:00,1785.54,1791.19,1757.46,1770.72,6616,180,0
2025-05-06 12:00:00,1770.72,1777.85,1767.33,1775.66,4260,180,0
2025-05-06 13:00:00,1775.66,1776.23,1751.87,1759.87,7702,180,0
2025-05-06 14:00:00,1759.87,1780.53,1759.87,1769.39,6772,180,0
2025-05-06 15:00:00,1769.39,1779.72,1760.93,1770.97,5533,180,0
2025-05-06 16:00:00,1770.97,1775.88,1762.6,1763.65,6714,180,0
2025-05-06 17:00:00,1763.65,1777.13,1763.35,1768.5,4774,180,0
2025-05-06 18:00:00,1768.5,1791.57,1767.31,1789.93,4101,180,0
2025-05-06 19:00:00,1789.93,1799.06,1784.34,1784.9,4428,180,0
2025-05-06 20:00:00,1784.9,1789.38,1768.13,1775.57,3919,180,0
2025-05-06 21:00:00,1775.57,1781.3,1765.27,1776.62,2784,180,0
2025-05-06 22:00:00,1776.62,1812.77,1776.34,1810.36,9695,180,0
2025-05-06 23:00:00,1810.36,1818.84,1801.22,1816.2,5619,180,0
2025-05-07 00:00:00,1816.2,1847.77,1813.53,1842.9,8364,180,0
2025-05-07 01:00:00,1842.9,1851.2,1828.69,1832.81,5823,180,0
2025-05-07 02:00:00,1832.81,1835.28,1820.87,1824.65,4725,180,0
2025-05-07 03:00:00,1824.65,1828.44,1816.92,1826.2,3776,180,0
2025-05-07 04:00:00,1826.2,1833.44,1823.77,1828.51,2492,180,0
2025-05-07 05:00:00,1828.5,1830.65,1824.97,1828.02,2515,180,0
2025-05-07 06:00:00,1828.02,1833.75,1825.47,1830.01,2584,180,0
2025-05-07 07:00:00,1830.01,1837.95,1829.54,1837.47,2536,180,0
2025-05-07 08:00:00,1837.47,1844.35,1833.69,1840.38,3150,180,0
2025-05-07 09:00:00,1840.38,1845.44,1837.64,1843.86,2092,180,0
2025-05-07 10:00:00,1843.83,1847.55,1830.28,1833.46,2938,180,0
2025-05-07 11:00:00,1833.46,1838.23,1830.81,1837.05,1987,180,0
2025-05-07 12:00:00,1837.04,1837.83,1826.43,1830.35,2566,180,0
2025-05-07 13:00:00,1830.35,1835.01,1821.98,1828.01,5219,180,0
2025-05-07 14:00:00,1828.01,1832.83,1816.01,1821.7,5354,180,0
2025-05-07 15:00:00,1821.7,1825.08,1813.56,1817.23,5174,180,0
2025-05-07 16:00:00,1817.23,1817.61,1799.12,1811.67,5467,180,0
2025-05-07 17:00:00,1811.67,1813.02,1788.07,1796.39,4910,180,0
2025-05-07 18:00:00,1796.39,1817.11,1787.95,1805.85,13720,180,0
2025-05-07 19:00:00,1805.85,1807.61,1785.81,1795.57,8395,180,0
2025-05-07 20:00:00,1795.57,1800.61,1788.64,1798.08,3819,180,0
2025-05-07 21:00:00,1798.08,1808.71,1795.88,1802.28,2989,180,0
2025-05-07 22:00:00,1802.28,1821.25,1800.18,1816.65,4363,180,0
2025-05-07 23:00:00,1816.65,1824.76,1807.49,1810.61,2885,180,0
2025-05-08 00:00:00,1810.61,1828.02,1807.7,1826.67,3523,180,0
2025-05-08 01:00:00,1826.67,1837.05,1818.97,1822.25,7795,180,0
2025-05-08 02:00:00,1822.25,1847.82,1822.25,1840.95,6194,180,0
2025-05-08 03:00:00,1840.95,1906.77,1838.31,1900.76,11386,180,0
2025-05-08 04:00:00,1900.76,1917.08,1892.02,1893.06,10721,180,0
2025-05-08 05:00:00,1893.06,1904.13,1891.2,1895.82,4349,180,0
2025-05-08 06:00:00,1895.82,1911.59,1895.11,1910.87,4028,180,0
2025-05-08 07:00:00,1910.87,1943.4,1907.41,1928.13,7269,180,0
2025-05-08 08:00:00,1928.13,1947.82,1925.71,1934.6,6249,180,0
2025-05-08 09:00:00,1934.6,1941.89,1929.53,1940.91,4285,180,0
2025-05-08 10:00:00,1940.91,1968.74,1938.88,1960.57,7221,180,0
2025-05-08 11:00:00,1960.57,1961.12,1944.76,1957.11,5583,180,0
2025-05-08 12:00:00,1957.11,1976.6,1953.42,1959.14,8114,180,0
2025-05-08 13:00:00,1959.14,1984.32,1959.14,1975.86,9439,180,0
2025-05-08 14:00:00,1975.86,2011.46,1968.66,1989.76,14333,180,0
2025-05-08 15:00:00,1989.74,2075.95,1988.12,2051.53,25517,180,0
2025-05-08 16:00:00,2051.53,2066.85,2036.54,2050.89,13511,180,0
2025-05-08 17:00:00,2050.89,2057.9,2036.3,2046.23,8194,180,0
2025-05-08 18:00:00,2046.23,2074.55,2043.34,2067.53,8669,180,0
2025-05-08 19:00:00,2067.53,2140.61,2060.44,2117.61,13411,180,0
2025-05-08 20:00:00,2117.65,2198.65,2110.72,2184.08,19327,180,0
2025-05-08 21:00:00,2184.08,2225.12,2156.5,2178.17,20908,180,0
2025-05-08 22:00:00,2178.17,2194.93,2164.88,2177.71,12240,180,0
2025-05-08 23:00:00,2177.77,2206.54,2164.19,2205.09,9989,180,0
2025-05-09 00:00:00,2205.09,2213.18,2181.97,2198.13,9931,180,0
2025-05-09 01:00:00,2198.07,2242.65,2187.22,2204.75,11915,180,0
2025-05-09 02:00:00,2204.93,2214.93,2191.91,2214.39,7701,180,0
2025-05-09 03:00:00,2214.39,2243.23,2194.17,2202.95,13664,180,0
2025-05-09 04:00:00,2202.99,2221.04,2199.96,2211.15,6979,180,0
2025-05-09 05:00:00,2211.28,2217.92,2202.68,2212.9,4958,180,0
2025-05-09 06:00:00,2212.9,2258.06,2212.15,2254.26,12941,180,0
2025-05-09 07:00:00,2254.09,2392.22,2253.61,2361.69,27821,180,0
2025-05-09 08:00:00,2361.78,2488.49,2360.42,2410.89,33462,180,0
2025-05-09 09:00:00,2411.65,2422.99,2290.54,2339.18,29221,180,0
2025-05-09 10:00:00,2339.18,2357.5,2326.84,2346.89,16409,180,0
2025-05-09 11:00:00,2346.88,2373.6,2312.39,2348.95,20038,180,0
2025-05-09 12:00:00,2348.95,2351.13,2323.24,2337.95,12908,180,0
2025-05-09 13:00:00,2337.96,2386.97,2326.21,2368.02,14821,180,0
2025-05-09 14:00:00,2368.02,2368.02,2269.31,2304.39,23582,180,0
2025-05-09 15:00:00,2304.39,2320.06,2279.85,2299.24,18889,180,0
2025-05-09 16:00:00,2299.24,2314.88,2272.38,2296.75,15995,180,0
2025-05-09 17:00:00,2296.75,2353.95,2293.07,2348.5,13115,180,0
2025-05-09 18:00:00,2348.5,2351.35,2326.93,2338.46,8110,180,0
2025-05-09 19:00:00,2338.46,2343.47,2306.54,2330.16,8417,180,0
2025-05-09 20:00:00,2330.16,2350.37,2325.07,2339.17,6670,180,0
2025-05-09 21:00:00,2339.17,2342.04,2320.95,2336.13,4465,180,0
2025-05-09 22:00:00,2336.13,2343.93,2326.57,2332.59,4284,180,0
2025-05-09 23:00:00,2332.59,2345.62,2330.39,2343.24,3244,180,0
2025-05-10 00:00:00,2343.24,2378.94,2313.43,2324.07,13783,180,0
2025-05-10 01:00:00,2324.07,2352.62,2323.34,2333.06,7910,180,0
2025-05-10 02:00:00,2333.06,2347.03,2330.3,2339.69,6262,180,0
2025-05-10 03:00:00,2339.69,2340.82,2329.17,2338.21,5049,180,0
2025-05-10 04:00:00,2338.21,2338.21,2324.47,2335.14,5798,180,0
2025-05-10 05:00:00,2335.14,2354.25,2335.14,2351.34,5434,180,0
2025-05-10 06:00:00,2351.34,2377.42,2349.29,2366.5,10800,180,0
2025-05-10 07:00:00,2366.5,2415.95,2353.35,2398.64,10078,180,0
2025-05-10 08:00:00,2398.88,2435.26,2360.36,2381.47,17363,180,0
2025-05-10 09:00:00,2381.54,2422.93,2363.85,2399.71,15266,180,0
2025-05-10 10:00:00,2399.79,2428.18,2383.78,2395.81,13686,180,0
2025-05-10 11:00:00,2395.81,2403.07,2373.52,2383.26,11942,180,0
2025-05-10 12:00:00,2383.26,2419.21,2383.26,2406.66,10385,180,0
2025-05-10 13:00:00,2406.66,2448.6,2406.66,2435.94,11984,180,0
2025-05-10 14:00:00,2435.94,2443.44,2404.33,2434.02,12101,180,0
2025-05-10 15:00:00,2434.02,2444.89,2420.23,2432.14,11966,180,0
2025-05-10 16:00:00,2432.14,2474.29,2426.89,2459.23,15114,180,0
2025-05-10 17:00:00,2459.23,2510.86,2447.89,2459.18,21438,180,0
2025-05-10 18:00:00,2459.18,2504.77,2455.17,2492.71,14864,180,0
2025-05-10 19:00:00,2492.71,2505.25,2474.36,2497.23,9261,180,0
2025-05-10 20:00:00,2497.23,2503.26,2466.42,2488.97,8754,180,0
2025-05-10 21:00:00,2488.98,2543.05,2488.97,2531.38,12644,180,0
2025-05-10 22:00:00,2531.2,2584.73,2518.16,2576.25,18835,180,0
2025-05-10 23:00:00,2576.42,2599.48,2561.37,2580.8,20603,180,0
2025-05-11 00:00:00,2580.17,2605.7,2499.73,2540.81,24659,180,0
2025-05-11 01:00:00,2540.81,2554.19,2509.29,2529.14,15741,180,0
2025-05-11 02:00:00,2529.14,2562.18,2518.94,2539.39,14844,180,0
2025-05-11 03:00:00,2539.39,2551.29,2526.62,2534.56,8097,180,0
2025-05-11 04:00:00,2534.42,2547.61,2527.4,2541.97,7611,180,0
2025-05-11 05:00:00,2541.97,2559.56,2533.82,2551.9,9249,180,0
2025-05-11 06:00:00,2551.9,2553.27,2502.69,2518.74,10657,180,0
2025-05-11 07:00:00,2518.74,2518.8,2451.55,2471.79,18737,180,0
2025-05-11 08:00:00,2471.79,2503.06,2470.26,2479.2,12590,180,0
2025-05-11 09:00:00,2479.2,2520.09,2479.15,2513.41,9966,180,0
2025-05-11 10:00:00,2513.41,2519.19,2493.08,2508.99,8819,180,0
2025-05-11 11:00:00,2508.99,2534.4,2504.87,2528.35,9309,180,0
2025-05-11 12:00:00,2528.35,2530.16,2509.14,2513.8,8538,180,0
2025-05-11 13:00:00,2513.77,2528.08,2463.52,2468.1,13811,180,0
2025-05-11 14:00:00,2468.07,2492.88,2467.07,2484.08,11374,180,0
2025-05-11 15:00:00,2484.08,2503.49,2434.76,2461.11,12089,180,0
2025-05-11 16:00:00,2461.11,2479.02,2438.27,2469.2,14629,180,0
2025-05-11 17:00:00,2469.2,2494.15,2464.12,2489.38,10148,180,0
2025-05-11 18:00:00,2489.38,2513.9,2470.44,2502.96,10198,180,0
2025-05-11 19:00:00,2502.96,2524.05,2500.44,2506.5,9131,180,0
2025-05-11 20:00:00,2506.51,2511.52,2491.47,2508.1,6894,180,0
2025-05-11 21:00:00,2508.1,2518.69,2495.64,2515.08,4880,180,0
2025-05-11 22:00:00,2515.08,2526.58,2481.56,2501.05,9575,180,0
2025-05-11 23:00:00,2501.21,2513.2,2495.33,2512.41,5676,180,0
2025-05-12 00:00:00,2512.41,2543.44,2508.53,2529.4,12070,180,0
2025-05-12 01:00:00,2529.4,2546.78,2489.22,2503.24,12075,180,0
2025-05-12 02:00:00,2503.24,2534.09,2499.85,2521.0,9994,180,0
2025-05-12 03:00:00,2520.97,2525.07,2507.61,2517.33,6761,180,0
2025-05-12 04:00:00,2517.33,2525.39,2505.35,2515.68,6650,180,0
2025-05-12 05:00:00,2515.68,2518.77,2489.59,2495.99,7625,180,0
2025-05-12 06:00:00,2495.99,2519.96,2483.08,2515.52,7721,180,0
2025-05-12 07:00:00,2515.52,2622.41,2515.52,2552.99,30428,180,0
2025-05-12 08:00:00,2552.99,2583.55,2529.77,2575.43,16619,180,0
2025-05-12 09:00:00,2575.43,2580.41,2545.45,2548.75,9901,180,0
2025-05-12 10:00:00,2548.75,2561.25,2537.09,2558.18,10248,180,0
2025-05-12 11:00:00,2558.18,2564.81,2519.92,2528.98,11460,180,0
2025-05-12 12:00:00,2528.98,2558.74,2527.65,2547.66,10104,180,0
2025-05-12 13:00:00,2547.66,2575.14,2541.67,2556.91,18366,180,0
2025-05-12 14:00:00,2556.91,2568.68,2486.39,2504.54,21143,180,0
2025-05-12 15:00:00,2504.54,2513.7,2477.42,2485.64,18680,180,0
2025-05-12 16:00:00,2485.64,2507.88,2469.73,2499.77,12998,180,0
2025-05-12 17:00:00,2499.77,2511.34,2463.49,2475.76,9369,180,0
2025-05-12 18:00:00,2475.76,2484.65,2406.91,2434.43,21945,180,0
2025-05-12 19:00:00,2434.43,2467.28,2428.09,2459.65,12732,180,0
2025-05-12 20:00:00,2459.65,2496.61,2451.18,2485.61,7881,180,0
2025-05-12 21:00:00,2485.61,2492.16,2467.0,2480.07,5127,180,0
2025-05-12 22:00:00,2480.07,2497.58,2473.84,2485.41,5704,180,0
2025-05-12 23:00:00,2485.41,2499.9,2484.95,2494.64,4037,180,0
2025-05-13 00:00:00,2494.64,2495.27,2458.25,2462.71,9200,180,0
2025-05-13 01:00:00,2462.71,2476.49,2439.47,2452.53,11440,180,0
2025-05-13 02:00:00,2452.53,2459.51,2415.31,2439.13,15040,180,0
2025-05-13 03:00:00,2439.13,2444.75,2417.33,2424.91,9914,180,0
2025-05-13 04:00:00,2424.91,2458.88,2419.22,2455.76,8609,180,0
2025-05-13 05:00:00,2455.86,2463.7,2438.89,2450.06,5450,180,0
2025-05-13 06:00:00,2450.06,2461.18,2447.81,2453.96,4579,180,0
2025-05-13 07:00:00,2453.96,2480.23,2452.89,2460.98,6403,180,0
2025-05-13 08:00:00,2460.98,2471.8,2451.13,2456.89,5168,180,0
2025-05-13 09:00:00,2456.89,2488.32,2456.6,2484.74,8001,180,0
2025-05-13 10:00:00,2484.8,2487.99,2471.57,2482.24,6214,180,0
2025-05-13 11:00:00,2482.24,2526.71,2478.56,2513.8,10021,180,0
2025-05-13 12:00:00,2513.8,2542.45,2491.48,2525.2,14821,180,0
2025-05-13 13:00:00,2525.2,2562.1,2519.05,2548.95,15081,180,0
2025-05-13 14:00:00,2548.98,2556.99,2526.34,2544.32,14718,180,0
2025-05-13 15:00:00,2544.32,2574.34,2539.27,2565.78,12374,180,0
2025-05-13 16:00:00,2565.78,2600.74,2559.53,2596.95,15842,180,0
2025-05-13 17:00:00,2596.95,2621.76,2589.52,2610.56,14180,180,0
2025-05-13 18:00:00,2610.56,2671.84,2605.72,2669.51,13761,180,0
2025-05-13 19:00:00,2669.51,2739.78,2653.28,2691.94,21784,180,0
2025-05-13 20:00:00,2691.94,2697.76,2655.04,2689.72,16582,180,0
2025-05-13 21:00:00,2689.72,2693.49,2669.64,2691.41,6011,180,0
2025-05-13 22:00:00,2691.41,2708.21,2675.98,2679.93,9135,180,0
2025-05-13 23:00:00,2680.13,2686.53,2656.85,2679.82,8805,180,0
2025-05-14 00:00:00,2679.82,2700.88,2672.51,2695.42,11023,180,0
2025-05-14 01:00:00,2695.42,2724.16,2664.35,2671.27,15514,180,0
2025-05-14 02:00:00,2671.27,2671.96,2621.8,2637.4,13270,180,0
2025-05-14 03:00:00,2637.4,2647.03,2623.85,2646.08,8159,180,0
2025-05-14 04:00:00,2646.08,2673.74,2634.8,2673.74,6846,180,0
2025-05-14 05:00:00,2673.75,2686.28,2661.72,2671.86,6142,180,0
2025-05-14 06:00:00,2671.86,2677.01,2658.6,2673.0,6571,180,0
2025-05-14 07:00:00,2673.0,2673.64,2638.12,2639.59,8559,180,0
2025-05-14 08:00:00,2639.59,2645.17,2586.97,2597.22,14437,180,0
2025-05-14 09:00:00,2597.25,2609.74,2577.22,2607.26,11389,180,0
2025-05-14 10:00:00,2607.26,2616.38,2588.0,2595.16,9296,180,0
2025-05-14 11:00:00,2595.16,2634.11,2595.16,2623.85,8866,180,0
2025-05-14 12:00:00,2623.85,2634.44,2602.99,2611.75,7179,180,0
2025-05-14 13:00:00,2611.75,2627.09,2576.81,2605.8,15969,180,0
2025-05-14 14:00:00,2605.8,2606.08,2558.17,2583.23,17143,180,0
2025-05-14 15:00:00,2583.23,2599.88,2559.94,2597.37,10478,180,0
2025-05-14 16:00:00,2597.38,2599.72,2578.21,2590.16,10295,180,0
2025-05-14 17:00:00,2590.16,2592.4,2546.83,2589.66,10508,180,0
2025-05-14 18:00:00,2589.66,2614.34,2578.93,2613.42,7918,180,0
2025-05-14 19:00:00,2613.42,2617.6,2597.64,2604.06,5950,180,0
2025-05-14 20:00:00,2604.06,2610.4,2597.07,2600.02,3672,180,0
2025-05-14 21:00:00,2600.02,2610.03,2582.81,2605.62,3338,180,0
2025-05-14 22:00:00,2605.62,2607.49,2585.85,2595.56,3175,180,0
2025-05-14 23:00:00,2595.56,2613.62,2583.32,2609.25,5242,180,0
2025-05-15 00:00:00,2609.4,2646.07,2606.29,2632.29,8130,180,0
2025-05-15 01:00:00,2632.13,2637.14,2566.33,2577.46,11063,180,0
2025-05-15 02:00:00,2577.44,2597.86,2570.07,2590.31,7475,180,0
2025-05-15 03:00:00,2590.31,2594.48,2569.05,2573.78,6780,180,0
2025-05-15 04:00:00,2573.68,2594.14,2570.62,2591.69,7758,180,0
2025-05-15 05:00:00,2591.69,2595.68,2561.59,2566.66,8362,180,0
2025-05-15 06:00:00,2566.66,2582.37,2553.9,2572.73,9187,180,0
2025-05-15 07:00:00,2572.73,2576.62,2514.33,2530.46,13452,180,0
2025-05-15 08:00:00,2530.46,2566.37,2528.33,2563.82,8265,180,0
2025-05-15 09:00:00,2563.82,2565.94,2521.1,2538.27,8079,180,0
2025-05-15 10:00:00,2538.27,2545.29,2515.56,2542.66,8804,180,0
2025-05-15 11:00:00,2542.66,2565.04,2541.72,2554.12,8332,180,0
2025-05-15 12:00:00,2554.12,2579.25,2541.97,2552.33,12970,180,0
2025-05-15 13:00:00,2552.33,2567.72,2501.58,2530.85,15836,180,0
2025-05-15 14:00:00,2530.85,2539.92,2477.37,2499.7,20619,180,0
2025-05-15 15:00:00,2499.7,2568.06,2497.57,2562.76,16273,180,0
2025-05-15 16:00:00,2562.75,2599.02,2553.75,2598.24,12553,180,0
2025-05-15 17:00:00,2598.24,2603.56,2566.7,2571.53,11130,180,0
2025-05-15 18:00:00,2571.53,2578.53,2519.9,2524.73,14074,180,0
2025-05-15 19:00:00,2524.73,2547.59,2510.76,2529.88,11957,180,0
2025-05-15 20:00:00,2529.97,2543.86,2514.5,2536.62,7276,180,0
2025-05-15 21:00:00,2536.62,2541.28,2510.95,2534.08,5403,180,0
2025-05-15 22:00:00,2534.08,2564.02,2531.03,2540.65,6301,180,0
2025-05-15 23:00:00,2540.65,2549.72,2515.74,2548.02,10122,180,0
2025-05-16 00:00:00,2548.02,2564.5,2538.23,2543.8,8830,180,0
2025-05-16 01:00:00,2543.8,2567.79,2533.08,2565.46,9081,180,0
2025-05-16 02:00:00,2565.46,2582.15,2553.41,2572.6,7933,180,0
2025-05-16 03:00:00,2572.6,2583.62,2566.78,2580.51,5768,180,0
2025-05-16 04:00:00,2580.51,2588.76,2562.64,2573.12,5143,180,0
2025-05-16 05:00:00,2573.13,2596.02,2573.13,2593.43,6391,180,0
2025-05-16 06:00:00,2593.43,2599.88,2585.8,2597.12,6843,180,0
2025-05-16 07:00:00,2597.12,2619.58,2583.16,2601.27,9003,180,0
2025-05-16 08:00:00,2601.28,2605.26,2556.5,2572.42,10158,180,0
2025-05-16 09:00:00,2572.42,2616.72,2570.08,2610.39,9902,180,0
2025-05-16 10:00:00,2610.39,2628.39,2605.28,2624.43,7760,180,0
2025-05-16 11:00:00,2624.43,2648.67,2615.72,2620.16,7691,180,0
2025-05-16 12:00:00,2620.16,2622.9,2591.4,2597.45,8122,180,0
2025-05-16 13:00:00,2597.45,2615.34,2592.79,2605.2,9082,180,0
2025-05-16 14:00:00,2605.32,2605.81,2572.26,2583.66,11560,180,0
2025-05-16 15:00:00,2583.66,2603.39,2583.66,2594.66,8749,180,0
2025-05-16 16:00:00,2594.66,2601.6,2569.08,2585.95,7744,180,0
2025-05-16 17:00:00,2585.95,2594.79,2571.66,2577.85,5273,180,0
2025-05-16 18:00:00,2577.85,2592.28,2574.95,2585.71,6382,180,0
2025-05-16 19:00:00,2585.71,2593.37,2576.38,2591.43,5592,180,0
2025-05-16 20:00:00,2591.56,2592.11,2561.23,2570.3,4844,180,0
2025-05-16 21:00:00,2570.3,2582.57,2548.34,2566.63,4549,180,0
2025-05-16 22:00:00,2566.63,2569.15,2527.98,2544.81,7991,180,0
2025-05-16 23:00:00,2544.81,2557.3,2529.37,2536.62,5881,180,0
2025-05-17 00:00:00,2536.62,2537.6,2483.22,2501.27,14597,180,0
2025-05-17 01:00:00,2501.25,2501.25,2458.02,2475.84,13593,180,0
2025-05-17 02:00:00,2475.84,2502.65,2451.79,2489.82,12335,180,0
2025-05-17 03:00:00,2489.82,2497.39,2474.64,2496.61,6625,180,0
2025-05-17 04:00:00,2496.72,2513.24,2491.07,2505.6,5271,180,0
2025-05-17 05:00:00,2505.6,2509.45,2474.62,2480.19,6612,180,0
2025-05-17 06:00:00,2480.19,2496.59,2479.82,2492.92,5932,180,0
2025-05-17 07:00:00,2492.92,2506.06,2480.85,2492.27,6674,180,0
2025-05-17 08:00:00,2492.23,2496.13,2476.78,2481.28,9294,180,0
2025-05-17 09:00:00,2481.28,2485.86,2465.79,2477.7,9838,180,0
2025-05-17 10:00:00,2477.7,2491.31,2473.93,2485.25,6414,180,0
2025-05-17 11:00:00,2485.25,2488.77,2473.67,2481.45,4918,180,0
2025-05-17 12:00:00,2481.45,2486.21,2469.33,2472.15,6456,180,0
2025-05-17 13:00:00,2472.15,2480.0,2443.94,2460.62,9635,180,0
2025-05-17 14:00:00,2460.62,2485.88,2460.05,2482.31,8426,180,0
2025-05-17 15:00:00,2482.31,2484.51,2471.94,2474.14,6069,180,0
2025-05-17 16:00:00,2474.14,2479.93,2447.46,2467.58,8941,180,0
2025-05-17 17:00:00,2467.58,2480.01,2463.54,2469.8,6675,180,0
2025-05-17 18:00:00,2469.8,2488.91,2462.66,2467.05,8594,180,0
2025-05-17 19:00:00,2467.05,2480.03,2461.57,2469.89,5159,180,0
2025-05-17 20:00:00,2469.89,2495.77,2463.66,2489.0,6404,180,0
2025-05-17 21:00:00,2489.0,2494.45,2479.88,2486.39,4150,180,0
2025-05-17 22:00:00,2486.39,2486.97,2452.43,2460.1,6026,180,0
2025-05-17 23:00:00,2460.1,2477.76,2457.0,2474.73,5277,180,0
2025-05-18 00:00:00,2474.75,2486.04,2471.98,2482.44,6441,180,0
2025-05-18 01:00:00,2482.44,2487.54,2472.8,2484.71,4271,180,0
2025-05-18 02:00:00,2484.71,2487.4,2475.62,2481.24,3156,180,0
2025-05-18 03:00:00,2481.24,2486.76,2467.36,2477.17,4331,180,0
2025-05-18 04:00:00,2477.17,2489.01,2477.17,2485.83,2478,180,0
2025-05-18 05:00:00,2485.83,2515.35,2485.35,2511.86,6102,180,0
2025-05-18 06:00:00,2511.86,2513.52,2492.05,2497.36,4934,180,0
2025-05-18 07:00:00,2497.26,2511.2,2494.32,2509.2,4496,180,0
2025-05-18 08:00:00,2509.35,2528.76,2509.35,2517.39,7755,180,0
2025-05-18 09:00:00,2517.39,2523.06,2503.11,2507.88,5069,180,0
2025-05-18 10:00:00,2508.08,2512.89,2497.79,2504.13,4189,180,0
2025-05-18 11:00:00,2504.13,2513.43,2500.21,2501.58,4311,180,0
2025-05-18 12:00:00,2501.58,2507.85,2488.08,2507.19,5372,180,0
2025-05-18 13:00:00,2507.19,2544.06,2503.2,2541.23,7540,180,0
2025-05-18 14:00:00,2541.23,2569.04,2528.68,2557.28,13465,180,0
2025-05-18 15:00:00,2557.28,2586.86,2547.35,2578.93,11903,180,0
2025-05-18 16:00:00,2579.1,2583.79,2554.0,2573.43,11633,180,0
2025-05-18 17:00:00,2573.47,2575.23,2482.92,2490.88,14566,180,0
2025-05-18 18:00:00,2490.66,2496.78,2450.39,2463.38,19152,180,0
2025-05-18 19:00:00,2463.38,2471.67,2403.32,2408.52,14715,180,0
2025-05-18 20:00:00,2408.52,2408.53,2317.58,2393.6,20641,180,0
2025-05-18 21:00:00,2393.6,2433.63,2392.8,2407.37,9991,180,0
2025-05-18 22:00:00,2407.37,2456.87,2375.47,2455.4,16514,180,0
2025-05-18 23:00:00,2455.4,2511.27,2435.94,2497.94,14081,180,0
2025-05-19 00:00:00,2498.18,2513.59,2428.03,2442.9,20983,180,0
2025-05-19 01:00:00,2442.9,2450.28,2413.85,2427.54,14393,180,0
2025-05-19 02:00:00,2427.54,2435.05,2391.58,2400.79,11114,180,0
2025-05-19 03:00:00,2400.79,2403.88,2378.48,2384.73,11014,180,0
2025-05-19 04:00:00,2384.73,2404.53,2351.05,2365.15,15048,180,0
2025-05-19 05:00:00,2365.15,2385.64,2356.33,2377.82,11328,180,0
2025-05-19 06:00:00,2377.82,2397.08,2348.22,2354.31,11754,180,0
2025-05-19 07:00:00,2354.14,2413.05,2351.92,2403.19,13492,180,0
2025-05-19 08:00:00,2403.19,2422.72,2389.32,2404.54,10970,180,0
2025-05-19 09:00:00,2404.54,2415.24,2389.92,2404.42,9617,180,0
2025-05-19 10:00:00,2404.42,2418.63,2392.29,2408.86,7592,180,0
2025-05-19 11:00:00,2408.86,2421.25,2406.08,2416.73,5886,180,0
2025-05-19 12:00:00,2416.73,2419.98,2383.84,2400.13,10408,180,0
2025-05-19 13:00:00,2400.13,2442.08,2393.43,2426.6,14736,180,0
2025-05-19 14:00:00,2426.6,2454.61,2417.4,2446.97,12489,180,0
2025-05-19 15:00:00,2446.97,2473.62,2442.78,2466.57,10875,180,0
2025-05-19 16:00:00,2466.57,2509.97,2450.84,2509.64,10490,180,0
2025-05-19 17:00:00,2509.58,2547.1,2501.51,2504.53,14639,180,0
2025-05-19 18:00:00,2504.5,2518.91,2475.38,2489.54,11072,180,0
2025-05-19 19:00:00,2489.54,2524.64,2478.77,2518.62,8532,180,0
2025-05-19 20:00:00,2518.46,2534.26,2506.04,2519.84,6623,180,0
2025-05-19 21:00:00,2519.84,2525.31,2502.55,2522.65,4634,180,0
2025-05-19 22:00:00,2522.65,2522.65,2492.2,2504.34,4558,180,0
2025-05-19 23:00:00,2504.28,2533.38,2500.85,2526.93,4918,180,0
2025-05-20 00:00:00,2526.99,2563.65,2510.82,2515.17,12867,180,0
2025-05-20 01:00:00,2515.17,2549.1,2510.01,2539.12,9408,180,0
2025-05-20 02:00:00,2539.13,2587.83,2538.86,2566.06,11646,180,0
2025-05-20 03:00:00,2566.06,2579.67,2541.71,2551.46,8109,180,0
2025-05-20 04:00:00,2551.46,2576.27,2542.58,2568.83,5344,180,0
2025-05-20 05:00:00,2569.02,2574.84,2554.64,2557.66,5949,180,0
2025-05-20 06:00:00,2557.66,2560.23,2532.45,2541.74,7195,180,0
2025-05-20 07:00:00,2541.73,2545.58,2519.72,2530.64,7855,180,0
2025-05-20 08:00:00,2530.64,2538.5,2520.45,2532.51,6726,180,0
2025-05-20 09:00:00,2532.51,2538.26,2523.13,2525.0,5251,180,0
2025-05-20 10:00:00,2525.0,2532.29,2506.08,2514.6,7732,180,0
2025-05-20 11:00:00,2514.6,2518.52,2490.87,2513.38,6941,180,0
2025-05-20 12:00:00,2513.38,2514.41,2477.97,2483.77,6813,180,0
2025-05-20 13:00:00,2483.77,2491.38,2463.05,2474.51,11260,180,0
2025-05-20 14:00:00,2474.51,2488.85,2464.94,2467.59,10655,180,0
2025-05-20 15:00:00,2467.59,2491.61,2466.36,2481.94,8865,180,0
2025-05-20 16:00:00,2481.94,2489.3,2467.76,2474.39,8159,180,0
2025-05-20 17:00:00,2474.39,2508.05,2473.67,2497.7,8891,180,0
2025-05-20 18:00:00,2496.7,2503.46,2442.0,2452.17,11020,180,0
2025-05-20 19:00:00,2452.17,2510.46,2446.59,2499.9,9635,180,0
2025-05-20 20:00:00,2500.01,2523.05,2483.78,2512.88,8418,180,0
2025-05-20 21:00:00,2512.88,2525.96,2488.77,2509.11,7100,180,0
2025-05-20 22:00:00,2509.11,2516.39,2486.85,2514.98,6702,180,0
2025-05-20 23:00:00,2514.98,2539.74,2511.99,2522.92,7008,180,0
2025-05-21 00:00:00,2522.92,2536.74,2517.68,2529.06,8206,180,0
2025-05-21 01:00:00,2529.06,2546.67,2525.27,2532.18,7183,180,0
2025-05-21 02:00:00,2532.18,2539.46,2505.96,2537.98,6583,180,0
2025-05-21 03:00:00,2537.98,2553.18,2533.01,2542.98,6133,180,0
2025-05-21 04:00:00,2542.98,2559.26,2532.29,2549.06,6414,180,0
2025-05-21 05:00:00,2549.04,2599.4,2548.75,2592.35,10635,180,0
2025-05-21 06:00:00,2592.35,2615.62,2580.67,2596.6,10191,180,0
2025-05-21 07:00:00,2596.6,2599.76,2542.66,2550.74,13455,180,0
2025-05-21 08:00:00,2550.74,2561.45,2534.3,2536.82,8590,180,0
2025-05-21 09:00:00,2536.82,2544.12,2516.53,2522.8,7049,180,0
2025-05-21 10:00:00,2522.79,2531.58,2514.19,2527.55,3977,180,0
2025-05-21 11:00:00,2527.55,2555.51,2526.98,2536.22,5372,180,0
2025-05-21 12:00:00,2536.22,2549.58,2525.33,2539.11,4765,180,0
2025-05-21 13:00:00,2539.11,2559.55,2521.98,2546.57,10998,180,0
2025-05-21 14:00:00,2546.57,2581.96,2531.8,2581.53,15867,180,0
2025-05-21 15:00:00,2581.45,2583.15,2543.58,2567.04,17842,180,0
2025-05-21 16:00:00,2567.04,2616.66,2554.74,2587.36,14494,180,0
2025-05-21 17:00:00,2587.36,2597.19,2453.1,2474.32,34079,180,0
2025-05-21 18:00:00,2474.4,2498.51,2460.36,2475.89,16678,180,0
2025-05-21 19:00:00,2475.89,2518.93,2464.33,2513.33,13464,180,0
2025-05-21 20:00:00,2513.32,2514.18,2487.05,2509.82,7413,180,0
2025-05-21 21:00:00,2509.82,2521.78,2498.57,2505.89,4768,180,0
2025-05-21 22:00:00,2505.89,2543.31,2501.06,2536.62,7079,180,0
2025-05-21 23:00:00,2536.62,2599.72,2525.77,2552.5,16871,180,0
2025-05-22 00:00:00,2552.76,2589.29,2546.22,2587.25,13342,180,0
2025-05-22 01:00:00,2587.25,2604.76,2561.07,2575.46,13618,180,0
2025-05-22 02:00:00,2575.46,2604.01,2575.17,2595.38,10669,180,0
2025-05-22 03:00:00,2595.38,2648.57,2585.91,2629.59,13713,180,0
2025-05-22 04:00:00,2629.59,2639.53,2614.15,2629.01,11615,180,0
2025-05-22 05:00:00,2629.01,2648.57,2606.87,2610.13,9803,180,0
2025-05-22 06:00:00,2610.13,2623.8,2602.99,2609.65,8468,180,0
2025-05-22 07:00:00,2609.7,2639.0,2604.27,2635.08,8493,180,0
2025-05-22 08:00:00,2635.08,2681.94,2627.27,2663.17,13964,180,0
2025-05-22 09:00:00,2663.17,2692.96,2659.25,2664.92,12676,180,0
2025-05-22 10:00:00,2664.92,2678.28,2651.35,2656.34,8498,180,0
2025-05-22 11:00:00,2656.28,2663.3,2634.83,2649.55,7788,180,0
2025-05-22 12:00:00,2649.55,2661.73,2637.98,2656.92,9093,180,0
2025-05-22 13:00:00,2656.91,2660.49,2622.31,2643.6,14334,180,0
2025-05-22 14:00:00,2643.6,2676.1,2643.6,2665.65,15632,180,0
2025-05-22 15:00:00,2665.65,2679.85,2658.39,2663.82,10520,180,0
2025-05-22 16:00:00,2663.83,2675.55,2635.17,2645.31,10390,180,0
2025-05-22 17:00:00,2645.31,2673.73,2641.94,2658.75,7033,180,0
2025-05-22 18:00:00,2658.75,2669.86,2646.87,2658.67,6076,180,0
2025-05-22 19:00:00,2658.67,2661.2,2625.21,2634.16,6884,180,0
2025-05-22 20:00:00,2634.22,2648.12,2628.62,2640.11,5354,180,0
2025-05-22 21:00:00,2640.11,2642.42,2627.01,2634.65,3789,180,0
2025-05-22 22:00:00,2634.65,2651.67,2632.26,2635.21,4664,180,0
2025-05-22 23:00:00,2635.21,2665.07,2635.21,2663.86,5045,180,0
2025-05-23 00:00:00,2663.86,2678.52,2643.29,2661.59,8775,180,0
2025-05-23 01:00:00,2661.59,2692.92,2649.0,2674.52,9077,180,0
2025-05-23 02:00:00,2674.52,2732.19,2670.92,2704.41,14196,180,0
2025-05-23 03:00:00,2704.32,2728.77,2698.61,2719.71,8951,180,0
2025-05-23 04:00:00,2719.71,2724.21,2676.75,2696.27,8834,180,0
2025-05-23 05:00:00,2696.27,2705.49,2678.11,2695.32,6716,180,0
2025-05-23 06:00:00,2695.32,2695.9,2648.51,2654.71,11512,180,0
2025-05-23 07:00:00,2654.71,2670.58,2648.4,2652.79,5634,180,0
2025-05-23 08:00:00,2652.79,2673.76,2651.03,2667.02,5566,180,0
2025-05-23 09:00:00,2667.02,2687.08,2662.28,2680.72,6287,180,0
2025-05-23 10:00:00,2680.72,2681.35,2655.06,2668.92,6531,180,0
2025-05-23 11:00:00,2668.92,2669.37,2548.66,2564.33,18089,180,0
2025-05-23 12:00:00,2564.48,2565.9,2496.56,2546.69,26032,180,0
2025-05-23 13:00:00,2546.69,2581.78,2534.68,2579.06,18759,180,0
2025-05-23 14:00:00,2579.06,2589.88,2568.9,2571.94,12983,180,0
2025-05-23 15:00:00,2571.94,2580.58,2562.81,2566.34,10887,180,0
2025-05-23 16:00:00,2566.43,2574.03,2544.04,2564.87,10769,180,0
2025-05-23 17:00:00,2564.86,2585.12,2563.6,2575.03,7251,180,0
2025-05-23 18:00:00,2575.03,2579.83,2550.76,2558.12,7443,180,0
2025-05-23 19:00:00,2558.12,2574.04,2554.58,2558.84,5858,180,0
2025-05-23 20:00:00,2558.84,2561.14,2525.25,2541.65,6708,180,0
2025-05-23 21:00:00,2541.65,2551.74,2525.36,2533.18,6110,180,0
2025-05-23 22:00:00,2533.18,2557.67,2528.49,2537.08,9022,180,0
2025-05-23 23:00:00,2537.08,2541.14,2502.17,2524.65,14136,180,0
2025-05-24 00:00:00,2524.65,2542.7,2513.37,2514.17,10240,180,0
2025-05-24 01:00:00,2514.17,2533.4,2513.59,2522.68,6770,180,0
2025-05-24 02:00:00,2522.68,2543.35,2516.4,2539.38,5483,180,0
2025-05-24 03:00:00,2539.27,2553.74,2536.04,2547.89,5316,180,0
2025-05-24 04:00:00,2547.87,2561.08,2543.69,2556.48,5043,180,0
2025-05-24 05:00:00,2556.48,2557.88,2540.55,2548.82,4326,180,0
2025-05-24 06:00:00,2548.82,2553.34,2532.9,2544.73,5229,180,0
2025-05-24 07:00:00,2544.73,2558.23,2542.2,2544.55,6335,180,0
2025-05-24 08:00:00,2544.55,2556.05,2542.17,2554.06,5608,180,0
2025-05-24 09:00:00,2554.06,2558.94,2549.78,2551.34,5224,180,0
2025-05-24 10:00:00,2551.34,2573.82,2550.46,2567.91,7452,180,0
2025-05-24 11:00:00,2567.9,2573.85,2560.1,2561.78,5796,180,0
2025-05-24 12:00:00,2561.78,2563.92,2547.02,2557.0,5486,180,0
2025-05-24 13:00:00,2557.0,2561.14,2541.52,2545.1,4696,180,0
2025-05-24 14:00:00,2545.1,2559.19,2542.05,2556.17,5061,180,0
2025-05-24 15:00:00,2556.17,2563.02,2547.51,2553.46,5128,180,0
2025-05-24 16:00:00,2553.46,2560.07,2541.74,2555.76,4761,180,0
2025-05-24 17:00:00,2555.76,2563.02,2553.06,2555.28,3854,180,0
2025-05-24 18:00:00,2555.28,2565.53,2542.2,2547.45,3015,180,0
2025-05-24 19:00:00,2547.45,2552.9,2544.55,2551.5,2816,180,0
2025-05-24 20:00:00,2551.49,2553.6,2546.67,2549.66,2467,180,0
2025-05-24 21:00:00,2549.66,2550.23,2516.24,2537.07,3478,180,0
2025-05-24 22:00:00,2537.07,2537.07,2517.92,2522.72,5118,180,0
2025-05-24 23:00:00,2522.72,2532.69,2514.05,2527.59,8170,180,0
2025-05-25 00:00:00,2527.94,2536.53,2473.4,2484.66,9380,180,0
2025-05-25 01:00:00,2484.66,2502.27,2476.78,2494.01,9174,180,0
2025-05-25 02:00:00,2494.01,2509.06,2484.35,2505.63,6008,180,0
2025-05-25 03:00:00,2505.63,2518.79,2504.43,2511.0,4978,180,0
2025-05-25 04:00:00,2511.0,2516.82,2503.41,2515.05,4181,180,0
2025-05-25 05:00:00,2515.05,2516.41,2504.63,2510.21,3558,180,0
2025-05-25 06:00:00,2510.21,2511.13,2500.08,2505.27,3489,180,0
2025-05-25 07:00:00,2505.27,2505.27,2485.45,2492.46,4799,180,0
2025-05-25 08:00:00,2492.46,2492.46,2460.17,2476.21,7564,180,0
2025-05-25 09:00:00,2476.21,2494.05,2470.82,2493.2,8035,180,0
2025-05-25 10:00:00,2493.2,2500.56,2485.96,2490.17,5677,180,0
2025-05-25 11:00:00,2490.17,2498.16,2486.85,2495.72,4409,180,0
2025-05-25 12:00:00,2495.72,2515.84,2492.86,2514.29,6507,180,0
2025-05-25 13:00:00,2514.29,2522.71,2508.82,2511.2,5635,180,0
2025-05-25 14:00:00,2511.2,2516.14,2494.1,2503.98,5619,180,0
2025-05-25 15:00:00,2503.98,2513.78,2477.1,2509.59,10932,180,0
2025-05-25 16:00:00,2509.59,2511.55,2494.06,2509.77,7213,180,0
2025-05-25 17:00:00,2509.77,2515.67,2506.99,2512.51,4379,180,0
2025-05-25 18:00:00,2512.51,2522.54,2509.47,2514.5,3623,180,0
2025-05-25 19:00:00,2514.5,2534.4,2513.0,2524.92,3157,180,0
2025-05-25 20:00:00,2524.97,2527.74,2509.2,2521.99,3369,180,0
2025-05-25 21:00:00,2521.99,2530.42,2506.01,2513.97,3276,180,0
2025-05-25 22:00:00,2513.97,2552.87,2511.19,2547.82,11659,180,0
2025-05-25 23:00:00,2547.82,2552.35,2533.41,2549.61,6030,180,0
2025-05-26 00:00:00,2549.61,2573.12,2534.28,2569.55,6661,180,0
2025-05-26 01:00:00,2569.55,2575.13,2552.73,2556.94,6367,180,0
2025-05-26 02:00:00,2556.96,2562.47,2545.06,2551.18,4045,180,0
2025-05-26 03:00:00,2551.18,2564.85,2546.33,2557.75,3508,180,0
2025-05-26 04:00:00,2557.75,2567.8,2554.59,2561.98,3278,180,0
2025-05-26 05:00:00,2561.98,2573.14,2558.74,2566.66,3189,180,0
2025-05-26 06:00:00,2566.66,2584.38,2563.07,2580.77,4272,180,0
2025-05-26 07:00:00,2580.77,2597.32,2575.61,2579.67,6681,180,0
2025-05-26 08:00:00,2579.67,2581.53,2563.04,2566.71,4723,180,0
2025-05-26 09:00:00,2566.71,2572.79,2553.77,2561.56,4050,180,0
2025-05-26 10:00:00,2561.56,2568.05,2552.22,2557.51,3609,180,0
2025-05-26 11:00:00,2557.51,2567.36,2553.64,2566.89,3239,180,0
2025-05-26 12:00:00,2566.89,2573.94,2559.76,2567.14,4358,180,0
2025-05-26 13:00:00,2567.14,2571.04,2538.11,2550.78,5807,180,0
2025-05-26 14:00:00,2550.78,2556.3,2541.55,2550.4,6301,180,0
2025-05-26 15:00:00,2550.4,2570.2,2544.63,2565.53,6625,180,0
2025-05-26 16:00:00,2565.53,2573.6,2535.44,2542.62,8536,180,0
2025-05-26 17:00:00,2542.61,2549.2,2524.01,2533.05,5178,180,0
2025-05-26 18:00:00,2533.05,2546.02,2527.37,2533.66,4309,180,0
2025-05-26 19:00:00,2533.66,2543.97,2531.5,2540.66,3133,180,0
2025-05-26 20:00:00,2540.66,2566.9,2535.58,2565.04,4858,180,0
2025-05-26 21:00:00,2565.04,2567.0,2553.82,2561.11,3152,180,0
2025-05-26 22:00:00,2561.11,2584.31,2555.66,2558.67,4519,180,0
2025-05-26 23:00:00,2558.67,2563.62,2551.46,2562.52,3217,180,0
2025-05-27 00:00:00,2562.52,2572.83,2548.1,2550.63,4742,180,0
2025-05-27 01:00:00,2550.64,2550.64,2508.8,2529.02,9886,180,0
2025-05-27 02:00:00,2529.02,2543.08,2527.23,2534.54,4887,180,0
2025-05-27 03:00:00,2534.55,2564.22,2534.41,2548.44,5293,180,0
2025-05-27 04:00:00,2548.44,2567.41,2547.9,2557.72,4226,180,0
2025-05-27 05:00:00,2557.72,2572.0,2548.63,2568.05,4232,180,0
2025-05-27 06:00:00,2568.05,2609.88,2562.98,2568.37,11539,180,0
2025-05-27 07:00:00,2568.38,2617.72,2568.38,2606.2,7801,180,0
2025-05-27 08:00:00,2606.2,2641.72,2606.2,2634.04,8816,180,0
2025-05-27 09:00:00,2634.06,2646.36,2621.09,2637.56,5604,180,0
2025-05-27 10:00:00,2637.56,2641.17,2629.65,2636.66,3818,180,0
2025-05-27 11:00:00,2636.66,2653.22,2624.9,2650.66,5149,180,0
2025-05-27 12:00:00,2650.66,2652.41,2632.9,2646.31,5813,180,0
2025-05-27 13:00:00,2646.31,2683.11,2642.06,2653.82,14612,180,0
2025-05-27 14:00:00,2653.82,2670.76,2631.84,2659.65,12187,180,0
2025-05-27 15:00:00,2659.64,2669.25,2651.49,2666.87,7509,180,0
2025-05-27 16:00:00,2666.87,2683.31,2656.58,2669.79,8263,180,0
2025-05-27 17:00:00,2669.79,2711.62,2669.39,2694.43,10135,180,0
2025-05-27 18:00:00,2694.43,2707.08,2674.77,2678.86,7696,180,0
2025-05-27 19:00:00,2678.86,2688.1,2670.09,2686.99,6435,180,0
2025-05-27 20:00:00,2686.99,2693.96,2663.93,2667.28,5948,180,0
2025-05-27 21:00:00,2667.28,2676.72,2657.23,2661.84,4531,180,0
2025-05-27 22:00:00,2661.83,2668.93,2652.09,2658.58,5678,180,0
2025-05-27 23:00:00,2658.58,2663.35,2650.52,2658.81,3887,180,0
2025-05-28 00:00:00,2658.81,2659.82,2638.92,2656.93,4788,180,0
2025-05-28 01:00:00,2656.93,2658.36,2629.04,2632.36,4847,180,0
2025-05-28 02:00:00,2632.36,2640.38,2616.05,2636.26,6000,180,0
2025-05-28 03:00:00,2636.26,2648.02,2631.01,2643.56,3892,180,0
2025-05-28 04:00:00,2643.56,2650.96,2631.74,2644.08,3111,180,0
2025-05-28 05:00:00,2644.08,2644.77,2632.4,2637.37,2949,180,0
2025-05-28 06:00:00,2637.37,2637.37,2621.14,2625.26,4430,180,0
2025-05-28 07:00:00,2625.26,2641.58,2622.34,2634.84,3779,180,0
2025-05-28 08:00:00,2634.84,2644.33,2627.05,2641.26,3844,180,0
2025-05-28 09:00:00,2641.26,2641.98,2619.71,2625.1,3833,180,0
2025-05-28 10:00:00,2625.1,2641.09,2606.79,2638.96,5623,180,0
2025-05-28 11:00:00,2638.96,2657.72,2638.44,2654.94,4408,180,0
2025-05-28 12:00:00,2654.94,2680.11,2651.05,2665.48,6510,180,0
2025-05-28 13:00:00,2665.48,2688.32,2653.15,2656.66,11852,180,0
2025-05-28 14:00:00,2656.66,2659.61,2619.2,2627.12,13528,180,0
2025-05-28 15:00:00,2627.06,2638.24,2610.88,2624.69,8699,180,0
2025-05-28 16:00:00,2624.69,2641.74,2624.17,2638.6,5841,180,0
2025-05-28 17:00:00,2638.6,2662.99,2638.6,2650.65,7111,180,0
2025-05-28 18:00:00,2650.65,2656.44,2631.2,2634.74,5166,180,0
2025-05-28 19:00:00,2634.74,2653.57,2613.82,2615.6,7859,180,0
2025-05-28 20:00:00,2615.59,2634.86,2609.54,2633.89,7119,180,0
2025-05-28 21:00:00,2633.89,2658.25,2629.92,2650.89,3170,180,0
2025-05-28 22:00:00,2650.89,2652.07,2636.4,2647.33,3343,180,0
2025-05-28 23:00:00,2647.33,2686.26,2647.21,2681.66,8586,180,0
2025-05-29 00:00:00,2681.66,2721.83,2670.9,2721.79,11164,180,0
2025-05-29 01:00:00,2721.79,2722.58,2697.7,2711.29,7733,180,0
2025-05-29 02:00:00,2711.29,2788.96,2704.97,2769.25,12188,180,0
2025-05-29 03:00:00,2769.23,2772.53,2745.18,2760.82,7650,180,0
2025-05-29 04:00:00,2760.82,2765.08,2699.89,2727.6,10442,180,0
2025-05-29 05:00:00,2727.6,2736.28,2715.05,2722.16,5568,180,0
2025-05-29 06:00:00,2722.16,2731.95,2715.67,2727.32,3641,180,0
2025-05-29 07:00:00,2727.32,2736.21,2715.41,2730.18,4310,180,0
2025-05-29 08:00:00,2730.19,2732.42,2710.41,2721.73,5088,180,0
2025-05-29 09:00:00,2721.73,2738.39,2714.82,2734.77,4241,180,0
2025-05-29 10:00:00,2734.77,2743.08,2723.37,2729.38,5251,180,0
2025-05-29 11:00:00,2729.38,2730.93,2706.86,2715.45,5020,180,0
2025-05-29 12:00:00,2715.45,2718.54,2674.68,2692.02,7979,180,0
2025-05-29 13:00:00,2692.02,2698.57,2651.67,2659.14,11755,180,0
2025-05-29 14:00:00,2659.14,2674.69,2619.97,2670.77,15368,180,0
2025-05-29 15:00:00,2670.77,2673.77,2637.98,2642.71,9029,180,0
2025-05-29 16:00:00,2642.71,2659.3,2629.01,2638.91,8433,180,0
2025-05-29 17:00:00,2638.91,2669.86,2637.18,2658.08,9521,180,0
2025-05-29 18:00:00,2658.26,2672.39,2643.43,2647.77,6833,180,0
2025-05-29 19:00:00,2647.77,2655.98,2626.31,2648.19,8319,180,0
2025-05-29 20:00:00,2648.19,2660.09,2638.01,2641.87,4325,180,0
2025-05-29 21:00:00,2641.87,2660.42,2641.68,2658.93,2041,180,0
2025-05-29 22:00:00,2658.93,2667.29,2642.16,2642.56,4699,180,0
2025-05-29 23:00:00,2642.56,2647.41,2615.67,2629.17,5771,180,0
2025-05-30 00:00:00,2629.17,2642.85,2555.19,2570.91,11252,180,0
